Puzzle,Category,Time(millis),Date(millis),Scramble,Penalty,Comment
"333";"Beginner's method";"160321";"1664262183052";"L2 U2 L2 F2 R2 B' D2 F L2 R2 B' R F2 L' B U R D U B' U2";"0";"made mistake"
"333";"Beginner's method";"89000";"1664262434949";"B2 F2 L2 D' R2 D' L2 D L2 R2 B R D' R U L' D' U2 R'";"0";""
"333";"Beginner's method";"101090";"1664270329928";"R2 B' U2 L' F' U L' D' L U2 B2 U L2 F2 U2 R2 B2 U L2 U'";"0";""
"333";"Beginner's method";"99380";"1664275028550";"R2 U B2 D R2 U' B2 F2 U' L2 R2 B D' F' U R' D F D F2 L";"0";""
"333";"Beginner's method";"105840";"1664278999401";"U L2 F2 U B2 D2 B2 L2 U' L2 B2 F L F2 U2 L' D B D L U'";"0";""
"333";"Beginner's method";"163920";"1664343741888";"D L2 B' U' B2 R' F R' D R' U2 L U2 L' U2 F2 B2 L2 B2";"0";""
"333";"Beginner's method";"131958";"1664343939813";"B2 F' R2 U2 B2 F' U F2 R2 D2 L2 B' R U2 F' R F";"0";""
"333";"Beginner's method";"104220";"1664344141536";"B2 L2 F U2 B2 D2 R2 D' R2 F R' F L' F2 L2 D' F' L";"0";""
"333";"Beginner's method";"149440";"1664363303456";"U F2 D2 R2 D' L2 R2 D' L2 F2 R2 B U2 L' U' B D2 B U' F2 R2";"0";""
"333";"Beginner's method";"102950";"1664467259890";"D' L2 D R2 U F2 L2 F2 D2 R2 U B' F U L D U R U' L' U'";"0";""
"333";"Beginner's method";"101730";"1664467569522";"L2 F U2 L2 B U2 L2 D F' U B2 L2 F D' U2 R F' U'";"0";""
"333";"Beginner's method";"104140";"1664467826650";"B U D2 L F2 U2 D2 F R2 L' U F2 D R2 B2 U2 D' L2 F2 D' L2";"0";""
"333";"Beginner's method";"92850";"1664518051503";"B U2 B U2 L2 U2 B R2 U F L2 B2 L U B' U B2 L2 B'";"0";""
"333";"Beginner's method";"97640";"1664518208065";"R' F' R L' U D2 F2 U2 L F' B2 L D2 R B2 D2 F2 L'";"0";""
"333";"Beginner's method";"96120";"1664612446321";"L' U' R2 B D' R2 U2 D F' U2 L2 U2 R' U2 L' D2 R2 F2 D2";"0";""
"333";"Beginner's method";"76160";"1664612573520";"F' U B U' L D R2 U' D2 B2 D R2 L2 B R2 F' B2 L2 F'";"0";""
"333";"Beginner's method";"110390";"1664612742865";"F U2 R2 B' U2 F2 D2 B' F' D U' L' F D R B' U' F' U R'";"0";""
"333";"Beginner's method";"100530";"1664612910355";"B2 D F2 U' R D R' B D' R F R B2 D2 R2 L' B2 R D2 B2";"0";""
"333";"Beginner's method";"70360";"1664613042543";"B2 D2 L2 F2 L' D2 F2 L' F2 L D' B' U2 L2 F D' U' R'";"0";""
"333";"Beginner's method";"105130";"1664613436590";"L2 U' R2 U2 L2 F2 D2 U R2 D L F L2 U' L R' D R F' D2 F'";"0";""
"333";"Beginner's method";"80050";"1664613556985";"L2 D2 B L2 U2 B D2 F' D' R B2 L B2 D' B R U' B' R2";"0";""
"333";"Beginner's method";"75670";"1664616470882";"R' D2 R' D2 L B2 U2 L2 F2 D' B' D2 L' B2 D F U' R";"0";""
"333";"Beginner's method";"150990";"1664616664243";"B2 R2 B2 F2 D' F2 D' F2 R2 D' U2 R' U' B F' D' B' U R U' R'";"0";""
"333";"Beginner's method";"103650";"1664616809495";"U2 R' F2 U2 R2 F2 D2 F2 U2 L U F' D' B2 R' B2 F2 R B2 F'";"0";""
"333";"Beginner's method";"75500";"1664616921357";"B2 U2 L2 U R' B' R2 L' U B R' B2 R2 U2 B2 D2 B2 R' L2";"0";""
"333";"Beginner's method";"73770";"1664626344262";"U2 B2 R B2 R' F2 U2 F2 L F2 R F D' F' D B' L2 U F' R'";"0";""
"333";"Beginner's method";"132420";"1664626542266";"L2 U' R' L' U2 D' B' R2 U' R' F2 L2 U2 D R2 D B2 U D2 B2";"0";""
"333";"Beginner's method";"92380";"1664626831192";"U2 B U2 L2 F L2 F R2 D2 U B R U F' R B2 U B R2 F2";"0";""
"333";"Beginner's method";"87820";"1664626965268";"F2 D' R2 D' U2 F2 D' R2 U L U' L' R' F D U' L' U2 B";"0";""
"333";"Beginner's method";"81970";"1664627261485";"B2 L2 D2 F U2 R2 B L2 B' F' U' B2 U' B U' R2 F' L B F";"0";""
"333";"Beginner's method";"76170";"1664627382737";"U2 L2 U2 F' R2 U2 F U2 F D' B D' L R2 D2 F D' B R";"0";""
"333";"Beginner's method";"87470";"1664630203896";"F D2 R2 D2 B2 U R' D2 L U2 F2 D2 F2 D2 L2 F' D2 B R2 F2";"0";""
"333";"Beginner's method";"100870";"1664636094210";"R U D' R' F U' R' F2 L' B R2 B2 L2 U' B2 U L2 D' R2 B2 D";"0";""
"333";"Beginner's method";"80210";"1664636993369";"B U2 F' L2 B' U2 L2 D2 L2 B L2 R' U L U R2 F' D2 B U'";"0";""
"333";"Beginner's method";"105120";"1664637139229";"F' B' D' B' L F' D F2 R' F R2 B2 L2 U' D' L2 D B2 U F2";"0";""
"333";"Beginner's method";"97630";"1664637271965";"R U2 L D2 L F2 D2 R U' L' D2 B' D R2 D2 B' D' L2 R'";"0";""
"333";"Beginner's method";"102720";"1664637476175";"D L U2 F D2 L' U2 F' L B2 R2 D2 L2 D B2 U R2 F2 L2 F2";"0";""
"333";"Beginner's method";"70630";"1664713607552";"F2 R D2 F2 D2 U2 R' B2 R B2 U2 B L R2 D' B2 R U' L2 B'";"0";""
"333";"Beginner's method";"79130";"1664715606621";"F2 U' L F R B' U2 D' L2 B' D' B2 D2 R F2 R2 D2 R'";"0";""
"333";"Beginner's method";"102150";"1664715756318";"R U' F2 R F B2 R F L' F L' U' F2 U F2 D2 F2 L2 D2";"0";""
"333";"Beginner's method";"91900";"1664715881851";"L' U D' L B D2 F U F2 B R' B2 L' B2 U2 R2 U2 L U2";"0";""
"333";"Beginner's method";"70710";"1664812696472";"R2 U' F2 R2 U R2 D2 B2 F2 L2 U L U' F2 L D' F2 U B D R'";"0";""
"333";"Beginner's method";"99930";"1664812998156";"F' L2 D2 F L2 D2 R2 U2 R2 B F D F' R B' R B2 F' D2 R U'";"0";""
"333";"Beginner's method";"94090";"1664813145699";"U2 L2 B2 U2 L D2 R' D2 R2 B' F2 L2 D' L2 F' D' R2 B2 L' U";"0";""
"333";"Beginner's method";"100580";"1664827605124";"B2 F2 U' R2 B2 D2 R2 F2 D B2 U R U' B' L' D' R B2 U F' U2";"0";""
"333";"Beginner's method";"116980";"1664827778915";"D B2 D U B2 R2 B2 L2 F U2 R' F' L D2 U' R D L' D2";"0";""
"333";"Beginner's method";"94230";"1664900773292";"L U2 L D2 F2 L B2 F2 L' D2 B' U' R U' L' F L' D' U2 R'";"0";""
"333";"Beginner's method";"97280";"1664900914516";"U D2 B' R' F U F L2 F L2 B U D' L2 B2 U' F2 R2 U";"0";""
"333";"Beginner's method";"73940";"1664901034777";"R B2 U2 B2 D2 R F2 R B2 F' L' U R' U2 L' R' U2 F2";"0";""
"333";"Beginner's method";"96640";"1664901174593";"B' R2 F' D F' D' R F2 U' F' L2 B2 L2 U2 F B' U2 F2 R2";"0";""
"333";"Beginner's method";"75980";"1664901296349";"B2 R B' U D R2 L2 B R' B' D2 F2 U2 B' U2 L2 B R2 F'";"0";""
"333";"Beginner's method";"88970";"1664901677960";"R U2 D F R U' F D F R' U2 L2 U F2 R2 F2 B2 U' L2 U";"0";""
"333";"Beginner's method";"102700";"1665044153398";"F2 U2 D' F2 B R L' F2 D F2 U F2 U2 B R2 F' B' R2";"0";""
"333";"Beginner's method";"78560";"1665044288851";"L2 D2 U2 B R2 U2 B' L2 F' L' R2 B' R' D U B2 L' B U' R'";"0";""
"333";"Beginner, white cross down";"93270";"1665059605141";"R' B2 L' F2 R F2 L2 F2 L' F2 R' U L R2 U' B' D' F2 U2 B U'";"0";""
"333";"Beginner, white cross down";"78980";"1665059738940";"L2 F2 D2 L2 D F2 R2 U2 B D' F L D' F' D' U F D2 L' U2";"0";""
"333";"Beginner, white cross down";"87000";"1665059896316";"D2 L' D2 R U2 F2 U2 R2 U L' R2 B D' R2 U2 F L2 D' B";"0";""
"333";"Beginner, white cross down";"124460";"1665060103168";"R2 F2 R D2 F2 U R B' D R' L2 B2 D2 F' B2 U2 R2 B2 R2 D2";"0";""
"333";"Beginner, white cross down";"96740";"1665060243652";"F' L2 B2 U' R2 D2 F' L D' R B2 D' B2 L2 U' F2 D2 R2";"0";""
"333";"Beginner, white cross down";"75590";"1665060386435";"L' B' D2 F R' B' D' F2 D' R2 B2 D2 R2 F' L2 F' B2 U2 L2";"0";""
"333";"Beginner, white cross down";"114480";"1665060615502";"R B2 R2 B2 U2 L' F2 L D' B U F' L U' F L' U' F2 U'";"0";""
"333";"Beginner, white cross down";"96430";"1665060756209";"L' F2 L' R2 U2 B2 R2 U2 R' F2 U B2 D2 L D2 F U' R' B2";"0";""
"333";"Beginner, white cross down";"98230";"1665060902629";"F2 U' F2 L D B D' B2 D2 F L U2 B2 D2 L2 D2 L2 D'";"0";""
"333";"Beginner, white cross down";"89160";"1665061063489";"R B2 R' B R2 L' U B D2 B R D L2 U F2 D2 F2 R2 B2 U R2";"0";""
"333";"Beginner, white cross down";"103680";"1665061232467";"F R' F' U B R2 D2 F L F2 D' B' U2 B2 D2 R2 B' U2 R2 L2";"0";""
"333";"Beginner, white cross down";"74080";"1665061375893";"F L2 B L' D' R' D R2 B R' U2 L2 U2 D2 B2 L F2 U2 R'";"0";""
"333";"Beginner, white cross down";"82280";"1665061645055";"B2 F2 R' F2 R' D2 R' B2 R' D2 R2 F D' L R' F U2 B' R' F2 R2";"0";""
"333";"Beginner, white cross down";"111960";"1665061800371";"R2 D2 B' R2 U B' R' D' B2 L B2 R2 U2 F' L2 U2 F2 D2 F' U2";"0";""
"333";"Beginner, white cross down";"92580";"1665061942674";"D L2 D' R2 B2 D' F2 D L2 F2 R' F' D' R2 B2 L' D B2 F U2";"0";""
"333";"Beginner, white cross down";"117440";"1665062123351";"B' D2 B' R2 F2 L2 U2 F2 R' B U L2 U' L B' R2 B2 F U'";"0";""
"333";"Beginner, white cross down";"87720";"1665062278263";"L2 F' U2 R2 B' L B' D' B2 R2 B D2 R2 L2 B' R2 U2 B";"0";""
"333";"Beginner, white cross down";"69970";"1665062396624";"R2 B U2 R2 B2 L2 B L2 R' D L' F' D F' D' L' R U2 B'";"0";""
"333";"Beginner, white cross down";"84860";"1665063075443";"L2 R2 F' U2 R2 F D2 L2 D' R2 F' R2 F' L D L2 B D2 L'";"0";""
"333";"Beginner, white cross down";"84660";"1665063209489";"R U' R U2 F' D' R F2 B' R' B2 R F2 R2 B2 D2 R' B2 R' F2";"0";""
"333";"Beginner, white cross down";"108140";"1665063378592";"D2 B R2 F2 D2 F' D2 B' U2 L' U F' D F2 D' F D2 L' R2 D'";"0";""
"333";"Beginner, white cross down";"70640";"1665063798353";"B' L2 U2 B L2 F' U2 F' L2 D F D F2 U' R2 B R F2 D' U'";"0";""
"333";"Beginner, white cross down";"68130";"1665063937982";"U' B2 D' L2 F' U2 R2 B R U D R B2 U2 F2 L' F2 R2 F2 R";"0";""
"333";"Beginner, white cross down";"58460";"1665064168115";"F' L2 F' R2 F2 U2 R2 B R2 B' D' L D B' F' D L' R' D";"0";""
"333";"Beginner, white cross down";"66180";"1665064464563";"U2 B2 U R2 U2 L U F' R' F2 U' L' U2 B D L F";"0";""
"333";"Beginner, white cross down";"88170";"1665064716653";"F2 B' D R D' R' F2 D B' U F D2 L2 B2 R L U2";"0";""
"333";"Beginner, white cross down";"68070";"1665064983654";"R' F R' D F2 D R2 U' R' L' U' F U2 L2 F' U2 D2";"0";""
"333";"Beginner, white cross down";"68880";"1665065187031";"U' F2 D B2 U' B2 U2 B2 R F' U L U' B2 F' D U' F' U'";"0";""
"333";"Beginner, white cross down";"77130";"1665065514837";"L2 B2 L' U2 R2 B2 D2 U2 L' U2 B' D2 F2 D' L2 D F' R' B2 U'";"0";""
"333";"Beginner, white cross down";"70310";"1665065974246";"L D2 F' B' R2 U' R2 F' D B R F B' U2 F D2 F' L2 U2";"0";""
"333";"Beginner, white cross down";"84840";"1665067146775";"D F2 U L2 R2 D U2 L2 R F2 R' B' R' B' D2 L U' L' D2";"0";""
"333";"Beginner, white cross down";"88490";"1665067295306";"D2 R F2 R' U2 F2 U2 R2 U2 L' U2 B D' F2 L' D U2 F D R'";"0";""
"333";"Beginner, white cross down";"73180";"1665067423277";"D' R B' L B U2 F D R U R' L2 F R2 U2 F2 D2 B L2 B2";"0";""
"333";"Beginner, white cross down";"76490";"1665067872057";"D' B' D F R' U B' U B2 L2 F' R2 U R2 L2 F2 R2 U2 R2";"0";""
"333";"Beginner, white cross down";"90670";"1665068014325";"U2 L' B2 R D2 R B2 F L R2 F U2 L2 R B2 R D F2";"0";""
"333";"Beginner, white cross down";"70590";"1665068209988";"U2 L2 R2 F2 R2 D2 B U2 B2 R2 F' R' F' U' B' L' F' D' L2 F D";"0";""
"333";"Beginner, white cross down";"68850";"1665068435417";"U2 F2 R2 D F2 D B2 F2 U' L2 U2 R D' R2 U' F' R' B L B' L2";"0";""
"333";"Beginner, white cross down";"63690";"1665068541565";"F R2 L' D F' L' D' F2 U2 L' F R2 U2 B2 U2 B2 D2 L2 F'";"0";""
"333";"Beginner, white cross down";"67690";"1665073308574";"L B2 L' U2 L' F2 L D2 B2 U' F' U B' F' L B2 U2 F D";"0";""
"333";"Beginner, white cross down";"84480";"1665073423450";"F' R2 D' L B2 D R' F U2 F' R F2 U2 F R2 U2 F' B'";"0";""
"333";"Beginner, white cross down";"61360";"1665073609633";"L2 F D2 F R2 F2 D2 B R2 D' R' B' U L' D2 R' F U2 B F";"0";""
"333";"Beginner, white cross down";"74390";"1665074938287";"R2 U2 R' D2 L F2 R B2 D2 B2 R2 U' F' U' L2 R' B' F2 U R2 D2";"0";""
"333";"Beginner, white cross down";"96870";"1665075092404";"L D2 L' U2 R2 U2 B2 L U2 B2 L2 B' L2 B' R2 F D B2 L2";"0";""
"333";"Beginner, white cross down";"82270";"1665213151709";"U2 R U2 L' D2 L' F2 R' U2 B2 R U' L2 D B L B F2 R' B' R";"0";""
"333";"Beginner, white cross down";"85930";"1665213505494";"F D L' D2 F' R L2 B' D2 B' U' R2 L2 F2 U B2 D F2 D2";"0";""
"333";"Beginner, white cross down";"78510";"1665213631836";"R2 D2 U R2 U F2 L2 F2 D2 L2 D' F' D2 F U' L' U' B'";"0";""
"333";"Beginner, white cross down";"92180";"1665213776785";"B U L2 B R2 D2 L F B' D L B' D2 F D2 F2 R2 B";"0";""
"333";"Beginner, white cross down";"121770";"1665214015322";"F U' L' U R2 B R2 B D' B2 R' L2 F2 B R2 U2 L2 D2 F' B2";"0";""
"333";"Beginner, white cross down";"79520";"1665214141374";"B2 R' B2 D2 R' D2 L U2 F2 L2 U' L B D R2 B2 R2 B D R";"0";""
"333";"Beginner, white cross down";"77420";"1665214279895";"B2 L2 U2 R2 D' R2 F2 L2 F R2 U' L2 F2 R' B L2 R2 B2 L";"0";""
"333";"Beginner, white cross down";"91410";"1665214737399";"B2 L' U' R2 U' B' U2 B2 L' F' L2 D F2 U2 D2 L2 U2";"0";""
"333";"Beginner, white cross down";"65870";"1665214838468";"D' B2 U2 R2 B2 R2 B2 D2 B R2 U2 F2 U2 R' B' U2 B D U'";"0";""
"333";"Beginner, white cross down";"63960";"1665215287733";"R2 F D2 L2 B2 U2 R2 B2 U2 F2 U B2 R F L D' R' U' L R";"0";""
"333";"Beginner, white cross down";"64100";"1665224870038";"D B2 U L' F L2 U2 R U' B' D F2 L2 D F2 D' L2 D2 F2";"0";""
"333";"Beginner, white cross down";"81730";"1665231477922";"B D2 L2 F' D2 B2 L2 B2 R' F2 D2 B U L R F U R F'";"0";""
"333";"Beginner, white cross down";"65390";"1665231688101";"L' U' F2 U D2 L' D B2 R B' D L2 U2 F2 L2 B' R2 U2 B2";"0";""
"333";"Beginner, white cross down";"74020";"1665231805918";"F2 D' B2 D F2 D L2 U2 F2 U2 B R D2 F' L F' L' B U'";"0";""
"333";"Beginner, white cross down";"78480";"1665239138048";"F2 L B U' R2 L F2 R B2 U' R U2 F2 D2 B R2 F' B2";"0";""
"333";"Beginner, white cross down";"60490";"1665239237970";"U2 L2 R2 B2 F' R2 D2 B' D2 U L' F' R U B' U' B2 D' F2";"0";""
"333";"Beginner, white cross down";"72740";"1665239760607";"B2 R' D2 B2 L' F2 R B2 F2 L D' B U2 L U' F D B' R";"0";""
"333";"Beginner, white cross down";"79180";"1665239893527";"D F2 D R2 B2 L2 U' B2 U2 F2 R' B L D2 U2 F' L' F2 L2";"0";""
"333";"Beginner, white cross down";"70970";"1665240001849";"U2 L' D2 R' F L' F' D' F L2 D' F' B L2 F' L2 U2 F2";"0";""
"333";"Beginner, white cross down";"94730";"1665240134243";"D2 L U' L' F' R F' U2 D2 B U L2 B2 D' F2 R2 L2 D2 B2 D";"0";""
"333";"Beginner, white cross down";"103670";"1665240270034";"R B2 L' R' D2 B2 F2 L' U R F' L B2 F U' R2 U2 F R'";"0";""
"333";"Beginner, white cross down";"80120";"1665240387843";"B2 L2 D2 B' L2 U2 L2 F D2 U2 L D' R U F2 R2 B2 F' U2 L2";"0";""
"333";"Beginner, white cross down";"70410";"1665240502020";"F2 R2 D2 B2 R' F2 L B2 F' U' L B' D' U2 R B' D2 U B";"0";""
"333";"Beginner, white cross down";"60270";"1665240606581";"F' B' L' D' R2 U F' D' F' L' D B' D2 F' B2 L2 B2 R2 D2";"0";""
"333";"Beginner, white cross down";"81360";"1665240829881";"D2 L2 D' R2 D U' R2 D' B U B' L F U2 F D B' D'";"0";""
"333";"Beginner, white cross down";"62290";"1665240939840";"F2 U2 L U2 L' D' F2 U2 R' B' D' R L U2 F2 L U2 B2";"0";""
"333";"Beginner, white cross down";"64660";"1665241060010";"R F2 U2 R' U2 R2 U R' B D2 F' D' R2 L2 U' F2 U F2 U";"0";""
"333";"Beginner, white cross down";"80570";"1665255560904";"B2 R' F2 L' D2 B2 F2 R F D2 L2 U' F2 U' L2 R2 F2 D L";"0";""
"333";"Beginner, white cross down";"79220";"1665255676272";"R U' B2 L F L' U F R U2 F U' D' R2 U' B2 R2";"0";""
"333";"Beginner, white cross down";"80760";"1665255813118";"U2 F' L' U2 F R' U2 D R2 D R' U2 R2 B' U2 D2 B L2";"0";""
"333";"Beginner, white cross down";"86890";"1665258895470";"F2 R' U2 B2 L' F2 R' B2 R F2 L F U F U' B' L F R'";"0";""
"333";"Beginner, white cross down";"69830";"1665313090637";"B' L2 U2 F2 R2 D2 R2 U2 F L2 F' R' D B U2 F' L D' B2 R U";"0";""
"333";"Beginner, white cross down";"63330";"1665313274552";"F2 L U2 B U' R2 B2 R B' D' B' L' U2 F2 R B2 R' U2 F2 L";"0";""
"333";"Beginner, white cross down";"75770";"1665313417754";"U' B L2 U2 L' D R' D2 F' D2 L' F2 D2 L2 D' B2 L2 B2 U' R2";"0";""
"333";"Beginner, white cross down";"54140";"1665313794281";"R2 D' B2 D L2 F2 D' F R' D F' L2 R' U B F' L2 B2 U'";"0";""
"333";"Beginner, white cross down";"88540";"1665313928161";"D2 U R2 B2 D' B2 U' F2 R' U' R' D2 R2 F L2 U R' F2 U";"0";""
"333";"Beginner, white cross down";"81850";"1665314045175";"D R2 D' F2 U' L2 U B2 U L' D U R2 D B' D F L' B2 U'";"0";""
"333";"Beginner, white cross down";"71030";"1665314151934";"B2 U2 R2 B2 D B2 L2 R2 D' B2 U' B' U L' R2 B2 U' F' L2 F'";"0";""
"333";"Beginner, white cross down";"81470";"1665314325469";"F' D2 R2 B2 R2 B' F L2 U B2 F2 U2 R D B' F2 R B' L'";"0";""
"333";"Beginner, white cross down";"75940";"1665314440062";"F B2 U B' D' L U F2 R D' F2 U2 R2 F R2 B L2 F U2";"0";""
"333";"Beginner, white cross down";"53950";"1665319597924";"U' L2 U L2 R2 B2 R2 D2 U' F2 U' R B2 L' U R2 U2 B D' B' R'";"0";""
"333";"Beginner, white cross down";"67920";"1665319793339";"U R U2 B' R' L' B D F R' L' D2 R2 B2 D L2 D' R2 F2";"0";""
"333";"Beginner, white cross down";"76580";"1665319927974";"U' F2 B' R' U2 B R' U F D' F2 R L2 B2 U2 D2 L2 U2 B2";"0";""
"333";"Beginner, white cross down";"79960";"1665320321589";"U L2 B D2 L D2 R' F R' F' U L2 U2 L2 B D2 F2 U2 F' U2 F";"0";""
"333";"Beginner, white cross down";"70240";"1665320500836";"F D2 F' U2 F D2 L2 F' L2 R2 D U' F U L' B2 L2 R' U' B'";"0";""
"333";"Beginner, white cross down";"77200";"1665320606261";"U2 R2 U' B2 U' L2 D L2 F2 L' R U R B' F D' L' R' B U";"0";""
"333";"Beginner, white cross down";"64520";"1665320930649";"F2 D' B U2 D' R B L' U' F D' L2 B D2 F L2 B R2 F";"0";""
"333";"Beginner, white cross down";"70230";"1665321038935";"U2 L' U F' R' U' D' F2 B U2 L' F' D2 F U2 F' R2 F' B2";"0";""
"333";"Beginner, white cross down";"68730";"1665333490002";"U2 L2 F' L2 U2 F2 R2 U2 B2 F L' B' U' L2 F2 L' B2 R D' U F2";"0";""
"333";"Beginner, white cross down";"57070";"1665333598945";"L2 B2 U2 R2 F2 U2 L2 U L2 D' R D2 B R U' B' U2 F2";"0";""
"333";"Beginner, white cross down";"68590";"1665333736019";"B F' U2 B2 R2 U2 F U2 F' L R B' R' B2 R2 U B L";"0";""
"333";"Beginner, white cross down";"72780";"1665333856263";"B2 U B2 L2 U B2 U L2 U' R' B' U2 L2 R D F U R D2 B'";"0";""
"333";"Beginner, white cross down";"78010";"1665334061475";"R' U2 D R2 U2 L' F L' F' B' U L2 D2 F2 D2 F R2 F' U2 B'";"0";""
"333";"Beginner, white cross down";"48510";"1665334175042";"B' R2 B2 D2 R2 F2 R2 F2 D' F2 U2 F' R B2 U' F' R F' U2";"0";""
"333";"Beginner, white cross down";"83230";"1665334315107";"L F D' B2 L2 B L D2 R' D B2 U2 D2 R F2 D2 F2 D2 F2";"0";""
"333";"Beginner, white cross down";"58600";"1665334438378";"D2 L2 D' R2 F B2 R F2 U' R2 L B2 L' F2 L F2 D2 R2 U2 D2";"0";""
"333";"Beginner, white cross down";"64970";"1665334562685";"R2 B D2 F D2 B2 F' D2 L' U' R2 B L2 R2 B U2 L' R2 F'";"0";""
"333";"Beginner, white cross down";"53440";"1665468833607";"U2 L2 R2 F2 L2 F' D2 B L2 D2 B' L D' R F' R U2 L' R' U F2";"0";""
"333";"Beginner, white cross down";"75550";"1665483860027";"L' R2 U2 F2 L U2 F2 L2 D' F R' U2 R' B' F U' F' U R'";"0";""
"333";"Beginner, white cross down";"63120";"1665483967796";"B2 L F2 L' B2 U2 L2 B2 U2 B' R2 D F' L B L' U' L' R' B";"0";""
"333";"Beginner, white cross down";"82630";"1665488634548";"U R2 D F2 D' B2 L2 U' B2 F2 R2 B' D F' L R' B U' L2 B R'";"0";""
"333";"Beginner, white cross down";"83190";"1665488930886";"F2 R F2 U L' F2 L2 F U' L2 F2 L2 F R2 U2 F2 U2 F B";"0";""
"333";"Beginner, white cross down";"67730";"1665489031659";"F L' B2 D2 B D R2 U' F2 L F R2 F2 L' F2 R F2 R D2 R";"0";""
"333";"Beginner, white cross down";"61170";"1665491817108";"B2 D' F2 R2 U' B2 R2 D B2 D2 B2 L' D2 F U2 L2 D' F L' F D";"0";""
"333";"Beginner, white cross down";"65980";"1665493182252";"D2 F2 U2 L F2 L B2 L' D2 L D U B' L U L F R2 U' L";"0";""
"333";"Beginner, white cross down";"53930";"1665494700364";"U2 B2 R2 U2 B' R2 U2 B' D' B2 F U F2 D2 F2 U2 L' D L'";"0";""
"333";"Beginner, white cross down";"75160";"1665494845617";"R2 U' R' D L2 F L2 B2 R' B D2 L2 F2 D2 B2 L D2 R2 B2 L'";"0";""
"333";"Beginner, white cross down";"77700";"1665495017302";"B2 L2 F D2 R2 F2 R2 U2 F R' U B L R2 U B' D' B' D2 U";"0";""
"333";"Beginner, white cross down";"62830";"1665495329418";"F B' U B' R' B U2 B R2 D L' F' U2 F R2 D2 B' R2 L2 B";"0";""
"333";"Beginner, white cross down";"67710";"1665500907431";"L2 D F2 L2 D' F2 D' U F D2 L' U' F' D F2 L2 D2 B' F";"0";""
"333";"Beginner, white cross down";"58630";"1665501132753";"U2 L2 B2 F L2 F' U2 B L2 R2 B L B L F' D L' R' D' F2 U2";"0";""
"333";"Beginner, white cross down";"64060";"1665558867218";"B2 D L2 D2 F2 R2 U' F2 U L2 R2 B D L B' F D2 L2 F2 L U'";"0";""
"333";"Beginner, white cross down";"85540";"1665564660961";"U2 B U2 F' D2 F2 L2 F2 U2 R2 B' R' B2 D U L' D' R' D F'";"0";""
"333";"Beginner, white cross down";"71790";"1665564794931";"R2 D2 B D2 B U2 L2 D2 F2 R2 B2 U' L' R' F R' B R' D' U";"0";""
"333";"Beginner, white cross down";"79780";"1665571092904";"U F2 U' B2 D' B2 D2 L2 R2 D' L' F L' R2 F2 D U F' L R2";"0";""
"333";"Beginner, white cross down";"74090";"1665575792726";"D' R2 D R2 B2 D2 R2 U' L2 R2 U2 R' B' R2 U' R2 D F2 U' F' U2";"0";""
"333";"Beginner, white cross down";"64510";"1665575893876";"L' B2 R2 U2 L D2 B2 D2 U2 L B2 F' L' D' R F2 R B' U L";"0";""
"333";"Beginner, white cross down";"58460";"1665582741533";"F2 L2 D2 R2 D2 U' L2 D' L2 B2 D' F' L2 B' D L' B' F2 D R' F2";"0";""
"333";"Beginner, white cross down";"60180";"1665583417387";"U2 B2 U2 R' B2 F2 D2 L B2 D2 L2 B' U L B L U' B' D2 L'";"0";""
"333";"Beginner, white cross down";"90770";"1665583584517";"L' D F' R' F2 B' U' L2 D2 B' R' U2 R D2 F2 L' D2 R2 D2 B2";"0";""
"333";"Beginner, white cross down";"75330";"1665583957148";"R' F2 U' D2 B2 R' D2 F' B U2 F' R D2 R' L2 U2 R F2";"0";""
"333";"Beginner, white cross down";"74390";"1665584068701";"B2 R L D B R' L U2 B' D' L2 D L2 U2 R2 D F2 U' F2";"0";""
"333";"Beginner, white cross down";"66170";"1665584183174";"U2 R' F2 D L2 B2 D L F D' F2 L U2 F2 R' B2 U2 B2 D2 L' U2";"0";""
"333";"Beginner, white cross down";"60320";"1665585926417";"D F2 D' B2 U L2 D' F2 U2 R2 B' D R' D2 U' F' R D F R2 U2";"0";""
"333";"Beginner, white cross down";"73630";"1665586064416";"D2 B2 U' B R' U R D B L' U2 R2 U2 D L2 B2 U2 L2 B2";"0";""
"333";"Beginner, white cross down";"76280";"1665586193375";"L F2 R' F2 D2 L' F2 R' F2 R2 U2 B L D R' D' F' L' B' D'";"0";""
"333";"Beginner, white cross down";"72360";"1665586323172";"R2 F2 D2 B2 R2 F' U B' L U' B' F R U R2 D' F2";"0";""
"333";"Beginner, white cross down";"69670";"1665586716325";"R L2 U' D L' B' U D' L' B' L B D2 F D2 F' U2 F' D2 R2";"0";""
"333";"Beginner, white cross down";"70120";"1665586842765";"R2 F2 D' L2 B2 F2 D2 U F2 R2 B' L2 D' R' U L B' D F L2";"0";""
"333";"Beginner, white cross down";"64920";"1665586949290";"L2 U' B2 F2 R2 D' L' D2 B2 D2 L F U' R2 B' L' D' R'";"0";""
"333";"Beginner, white cross down";"72720";"1665643812035";"D2 R2 D F2 D' B2 R2 U' L2 U L' F2 R2 D F' L R2 D R2 U";"0";""
"333";"Beginner, white cross down";"56440";"1665643920672";"R' D L2 U2 F' D2 B2 U L D' L' F2 L2 U2 B' U2 L2 F' R2";"0";""
"333";"Beginner, white cross down";"76270";"1665647942101";"R2 B2 R2 F2 D B2 R2 D2 B2 L2 F' L R' U L' D B2 F D' R2";"0";""
"333";"Beginner, white cross down";"78350";"1665648061898";"R2 B' R2 B2 F' D2 F' L2 B' U' L' F2 U B U F' R D2 F";"0";""
"333";"Beginner, white cross down";"73980";"1665669849665";"B2 U2 F2 L' D2 L' B2 L' B2 F2 L B' R U F D B2 L' D U2 R'";"0";""
"333";"Beginner, white cross down";"69850";"1665669979575";"R2 F' U2 B' D2 R2 F U' R B' D2 L' R B' L U F R";"0";""
"333";"Beginner, white cross down";"72460";"1665670117194";"L F2 L B2 U2 R F2 R2 B2 U2 B U2 L R U L' D' L R F";"0";""
"333";"Beginner, white cross down";"76030";"1665670242686";"D F' R L B' R U' L F' L2 U' F2 R2 F2 B2 U F2 U2 L2 F2";"0";""
"333";"Beginner, white cross down";"72270";"1665670356898";"L2 R2 U' R2 B2 D B2 D' L U F2 R D' R B L' F' L2 D2 R'";"0";""
"333";"Beginner, white cross down";"89760";"1665670531355";"D2 F2 D L2 D' L2 R2 B2 R2 U F R' B F' U2 L F' R D L2 B'";"0";""
"333";"Beginner, white cross down";"57080";"1665670739579";"F' U' R F' R2 B2 D B D2 B R' U2 D2 R2 U B2 U' L2 F2 L2";"0";""
"333";"Beginner, white cross down";"68640";"1665670860426";"L2 R2 B L2 F L2 R2 F L U' F' L U L' R D B2 U2 B";"0";""
"333";"Beginner, white cross down";"68090";"1665671020843";"D L2 D2 U' L2 U2 F2 U' F' U2 R' U R2 B2 D' B R D B";"0";""
"333";"Beginner, white cross down";"59440";"1665671273164";"D2 F2 B2 D' R B2 D2 F R' U F U2 F2 U2 R2 B2 U' R2 U2";"0";""
"333";"Beginner, white cross down";"59530";"1665671404184";"U2 B2 R2 D2 L' U2 R D2 F2 U2 B' U R D F' L2 D2 B U B";"0";""
"333";"Beginner, white cross down";"61050";"1665671592312";"L B2 L2 F D' R' L F2 R' D R2 B' L2 B' D2 R2 L2 F' B' D2";"0";""
"333";"Beginner, white cross down";"63740";"1665672358580";"U2 F2 D2 L2 D2 R F2 L U2 R' U B' F' L' B U' R' F' U'";"0";""
"333";"Beginner, white cross down";"68660";"1665672471845";"F D2 F' R2 B L2 R2 B2 L2 U' B2 F' L' D U' L U'";"0";""
"333";"Beginner, white cross down";"74470";"1665672618997";"B2 L B R B R F2 R' L F' U' R F2 L' U2 L F2 U2 L D2";"0";""
"333";"Beginner, white cross down";"78720";"1665672727877";"L2 R2 B' D2 F D2 B' L2 D2 F D' R' B F' U F L R' D' L2";"0";""
"333";"Beginner, white cross down";"65200";"1665672824547";"F R U' D2 L' F' L2 B2 D2 F L2 B2 U F2 D' L2 B2 U' B2 R2";"0";""
"333";"Beginner, white cross down";"62090";"1665672943480";"L2 B D' L F' R B2 L2 B R2 B L2 D' R2 F2 B2 U L2 B2";"0";""
"333";"Beginner, white cross down";"66140";"1665673052157";"B' D F B' R2 F2 B' R U B D F2 U2 F' R2 F' R2 B' R2";"0";""
"333";"Beginner, white cross down";"74200";"1665673160630";"L2 F2 D B2 U' R2 U2 L D L2 D B2 U2 L D2 R' F' D";"0";""
"333";"Beginner, white cross down";"64150";"1665673327843";"R2 D R D F L F2 U2 D R2 D F2 R2 L2 B D2 F R2 F";"0";""
"333";"Beginner, white cross down";"63630";"1665673471311";"B' U2 F2 D2 B' U2 R2 F' D2 F' U L B' U B2 D' F R U R";"0";""
"333";"Beginner, white cross down";"82440";"1665673756177";"U2 L2 B2 L B2 R F2 L F R2 U' L2 F2 U2 L' B' U2 F D";"0";""
"333";"Beginner, white cross down";"68280";"1665673856636";"L U2 L' U' B2 U' F U B' L' U F2 L' F2 B2 L2 B2 R B2";"0";""
"333";"Beginner, white cross down";"68230";"1665673994090";"R2 F2 L' D2 U2 F2 R' U2 L U2 B F R F2 R D B L' U R2";"0";""
"333";"Beginner, white cross down";"71960";"1665726865481";"F2 D' L2 D2 U' B2 R2 D2 L2 U' F2 L B2 D2 R F' L' B' F' R'";"0";""
"333";"Beginner, white cross down";"58530";"1665780797988";"F' R U' B L B D' R2 B' R U' D B2 U' L2 D L2 D2 F2 B2 U";"0";""
"333";"Beginner, white cross down";"80840";"1665781276453";"U B R2 D' L D' B' R2 F B' L D F2 D' F2 B2 U R2 B2";"0";""
"333";"Beginner, white cross down";"59270";"1665781486380";"F R U2 R' B U B U R' B R' D' F2 D F2 D' R2 B2";"0";""
"333";"Beginner, white cross down";"65580";"1665781580907";"F2 L2 D L2 F2 D2 R2 B2 F2 U' B' R2 U L' R' U' R' D U2 L2";"0";""
"333";"Beginner, white cross down";"58160";"1665816788713";"L' R2 U2 R' F2 L F2 R2 D2 B2 U' B' L B2 F D' F R D U2";"0";""
"333";"Beginner, white cross down";"58880";"1665828248271";"D2 R2 U2 F2 U2 R2 B2 U2 F R2 B2 D' R' B R' F L B' R2 D'";"0";""
"333";"Beginner, white cross down";"60560";"1665829038564";"R2 U L2 D' B2 L2 D F2 L2 D B' D' R2 U2 R B' U2 L D2 L'";"0";""
"333";"Beginner, white cross down";"61010";"1665829506310";"D R2 U F2 R2 D' L2 B2 U' B2 L U' B2 F R' D2 L' B' F2 D";"0";""
"333";"Beginner, white cross down";"64360";"1665829615582";"L' F2 R' B2 D B U' F2 D' F2 U' R2 F R2 B D2 F2 B' L2";"0";""
"333";"Beginner, white cross down";"66230";"1665829714979";"U2 B R2 U2 B L2 U2 L2 U2 L U B2 R B' D R' F L' B' L'";"0";""
"333";"Beginner, white cross down";"78480";"1665833481781";"F2 U B2 L2 U' R2 B2 R2 B2 D' F R F' D2 L' U B D' R2 U2 F2";"0";""
"333";"Beginner, white cross down";"78530";"1665833800883";"F2 D' F2 D R2 B2 F2 U L' U' B L' F' D' B L' D B' U2";"0";""
"333";"Beginner, white cross down";"59590";"1665833969323";"U L' F R2 B R B U' F' U2 R2 B2 L2 U F2 U' B2 U2 L2 D2";"0";""
"333";"Beginner, white cross down";"53910";"1665834100552";"B2 L2 R2 D' U' F2 L2 U' L2 B F2 L' F R U2 F' D' U2 L2";"0";""
"333";"Beginner, white cross down";"56680";"1665834197859";"L' R' D2 R' F2 R' U2 F D2 L U L' R2 D2 L' D' L'";"0";""
"333";"Beginner, white cross down";"73470";"1665834325423";"U2 F U2 B2 U2 L2 U2 B D' R' F' D' U' F2 R2 D U B";"0";""
"333";"Beginner, white cross down";"59210";"1665834424548";"D2 R2 D R2 F2 D R2 D2 B2 U' R' U' B R F U' F' U2 B L'";"0";""
"333";"Beginner, white cross down";"55300";"1665834726793";"U2 F D2 R2 B2 F U2 R2 B R F' D' R U2 B2 U2 B' F2 R'";"0";""
"333";"Beginner, white cross down";"64020";"1665834834994";"F2 D' U2 F2 U' B2 L2 U B2 U' R' F L2 D' B R U F' D' R'";"0";""
"333";"Beginner, white cross down";"50100";"1665834917728";"U2 B R2 U2 F2 R2 B2 F' L' D' B2 F D2 U F2 U2 B2 R B2";"0";""
"333";"Beginner, white cross down";"63460";"1665835030371";"B D' R' L B2 R F U' D L' D2 B R2 D2 F2 B' L2 D2 F";"0";""
"333";"Beginner, white cross down";"59930";"1665835119437";"L2 R F2 R B2 U2 R2 F2 D' U L' R' F U R B' L' F' D2";"0";""
"333";"Beginner, white cross down";"51760";"1665835232207";"R2 B2 R' B2 L' F2 U2 F2 R2 F U R U2 L2 U L' B F";"0";""
"333";"Beginner with 2 look OLL & PLL";"85190";"1666937668148";"B2 U' F2 D L2 R2 U' L2 D' B2 U' L B2 D' F' L B' R U' R B'";"0";""
"333";"Beginner with 2 look OLL & PLL";"113310";"1666937843042";"D2 F' L2 R2 B2 D2 L2 R2 B' D2 F2 R' F' D F2 R2 B' F' R' U2";"0";""
"333";"Beginner with 2 look OLL & PLL";"74430";"1666937967242";"U L' B R2 U B R F L B U' L F2 L F2 R' B2 L";"0";""
"333";"Beginner with 2 look OLL & PLL";"88760";"1666941851363";"L2 D2 U2 F2 R2 F L2 D2 F' U2 F2 R' F R' B2 F2 U L2 B' U2";"0";""
"333";"Beginner with 2 look OLL & PLL";"78180";"1666945619686";"B2 U L2 U B2 D U L R' F L2 D B2 F L2 F2 U' F2";"0";""
"333";"Beginner with 2 look OLL & PLL";"74120";"1666947027561";"L2 D B2 U' R2 F2 D2 B2 U' F U' R' D2 U2 B F' R B D2 F2";"0";""
"333";"Beginner with 2 look OLL & PLL";"79470";"1666947305478";"F2 D2 B L2 F2 U' R' D B' L' U' F2 B L2 F' R2 B' U2 F2";"0";""
"333";"Beginner with 2 look OLL & PLL";"73670";"1666947928492";"U' F2 R2 F2 D' L2 D L' U2 R D' R2 B' U2 F' U R' F";"0";""
"333";"Beginner with 2 look OLL & PLL";"72070";"1666975123402";"L2 D2 R' D2 B2 R' D2 U2 L' B2 R D F D2 B' F2 U' R' D R' F2";"0";""
"333";"Beginner with 2 look OLL & PLL";"69390";"1667026701819";"L2 U2 B2 U' F2 R2 U2 R2 U2 B D R' D' B' L' U B F' U2 L'";"0";""
"333";"Beginner with 2 look OLL & PLL";"59330";"1667027334436";"D F2 R' L F L2 U L' B U2 B' L2 U2 R F2 B2 L U2 D2";"0";""
"333";"Beginner with 2 look OLL & PLL";"75070";"1667027468172";"L D' F' B' U L2 F' U2 L2 F' D R' F2 L2 B2 L' D2";"0";""
"333";"Beginner with 2 look OLL & PLL";"62580";"1667027597450";"F2 R' F2 R' B2 F2 U2 F2 R2 B2 D' R F L D L' B D R2 U'";"0";""
"333";"Beginner with 2 look OLL & PLL";"64880";"1667027728137";"R' D2 L R' U2 F2 R' F2 D F2 U R' U2 B2 L B D' F L2";"0";""
"333";"Beginner with 2 look OLL & PLL";"69430";"1667027842476";"F R' U2 B2 L2 F L2 B' D R2 U F2 B2 R F2 B2 R B2 R L";"0";""
"333";"Beginner with 2 look OLL & PLL";"62000";"1667027976490";"L2 D' F2 D F2 L2 D B2 F2 U' L U' F U2 B' F2 U2 R D' L2";"0";""
"333";"Beginner with 2 look OLL & PLL";"62580";"1667028091827";"U R2 U2 F' L' U F D2 F2 B' U' B2 D' L2 D' B2 R2 B2";"0";""
"333";"Beginner with 2 look OLL & PLL";"62310";"1667028201885";"F' R2 B' D2 F R2 D2 R2 B2 F' D' B F' U2 L D' R' B2 L' B D";"0";""
"333";"Beginner with 2 look OLL & PLL";"63780";"1667028335784";"D2 L' B2 R' D2 L F2 L' B R F2 L F' R2 D' F' U2 L2 U";"0";""
"333";"Beginner with 2 look OLL & PLL";"61110";"1667028461361";"F2 R' U2 F2 L2 U2 B2 L' U2 R2 F L' D' L2 R B U2 L U' L R2";"0";""
"333";"Beginner with 2 look OLL & PLL";"72620";"1667028588426";"F2 R B2 F2 R F2 D2 U2 R2 D R2 B' U B R' F2 L R2 F2";"0";""
"333";"Beginner with 2 look OLL & PLL";"66890";"1667028687116";"R2 B' L2 D2 U2 F U2 R' U' F L2 U' B F2 D U L' F2";"0";""
"333";"Beginner with 2 look OLL & PLL";"80700";"1667028817201";"L2 U2 L2 F D2 B' U2 R2 B2 F2 D' F2 D F2 L D2 R U B L";"0";""
"333";"Beginner with 2 look OLL & PLL";"81850";"1667028936415";"B' L' D' B R' F U2 D B L' B U2 B2 D L2 U B2 R2 F2";"0";""
"333";"Beginner with 2 look OLL & PLL";"53460";"1667029046311";"U2 B' U2 D2 B2 R B L U' R F2 U2 B2 R2 D2 F2 L2 D' F2 U'";"0";""
"333";"Beginner with 2 look OLL & PLL";"67280";"1667032995553";"D2 U2 L' R2 D2 L' B2 F2 L U2 F2 D' F' D' L2 D2 F U2 L' B' R";"0";""
"333";"Beginner with 2 look OLL & PLL";"51720";"1667033084654";"R2 D2 F' L' F' R U L' B' D' B' D2 L2 U2 B' L2 F U2 B2 R2";"0";""
"333";"Beginner with 2 look OLL & PLL";"85910";"1667033206500";"D2 R' B' R' B R2 F2 U D' B' R F2 U L2 B2 U2 R2 U' L2";"0";""
"333";"Beginner with 2 look OLL & PLL";"59480";"1667033311846";"L' B2 U' F' R' B D2 L' U2 B L' D2 F2 D2 B2 R2 D F2 R2 F2";"0";""
"333";"Beginner with 2 look OLL & PLL";"64230";"1667033412667";"R2 U2 L B2 R' F2 L2 U2 B2 R' F R' F U' B L D' B2 U2 F2";"0";""
"333";"Beginner with 2 look OLL & PLL";"68230";"1667033577020";"R2 D2 L2 U2 B2 F2 R' F2 U2 B' D' F U R2 D' L' F' L D2 L";"0";""
"333";"Beginner with 2 look OLL & PLL";"64680";"1667033684625";"D2 F' R' U' L D F R U' D B R2 B L2 F' R2 B' D2 F U2";"0";""
"333";"Beginner with 2 look OLL & PLL";"63390";"1667033940315";"L2 B' U2 B' F2 D2 B' L F' L2 R2 F L' F2 U R2 U2 L'";"0";""
"333";"Beginner with 2 look OLL & PLL";"68680";"1667034070354";"B' D2 F L2 D2 R2 F U2 L2 D' F' R U' L' F' D2 B2 D' L R";"0";""
"333";"Beginner with 2 look OLL & PLL";"52000";"1667034164173";"F' D' R' U' R' B2 R' U R' F' L D' B2 D2 F2 U F2 D F2";"0";""
"333";"Beginner with 2 look OLL & PLL";"66950";"1667034294516";"U2 B2 D2 L2 D2 F2 U2 F R' B2 R' D2 B2 L F U' B2 D' B2";"0";""
"333";"Beginner with 2 look OLL & PLL";"63310";"1667034405321";"R U2 B D2 R2 L' D B' U2 L U' B U2 L2 B' L2 F R2 B2";"0";""
"333";"Beginner with 2 look OLL & PLL";"56530";"1667041562400";"R F2 R2 U' D F2 R F' U2 D B2 U2 R' U2 L D2 R' B2 D2 R";"0";""
"333";"Beginner with 2 look OLL & PLL";"52850";"1667041663257";"U' L2 U F2 L2 R2 D2 B2 L2 R U' F U L' D' L' F' D2 U";"0";""
"333";"Beginner with 2 look OLL & PLL";"58350";"1667042091949";"U D' B D' R' U R' F L' D2 F' R2 D2 L' B2 R' F2 L2 D2";"0";""
"333";"Beginner with 2 look OLL & PLL";"76600";"1667042218343";"F R' L2 U2 B' D' F R' F L U F2 L' B2 D2 R B2 L B2 L'";"0";""
"333";"Beginner with 2 look OLL & PLL";"62780";"1667042311747";"B2 U' R' L' F' L B2 R' B U R U2 R L2 U2 L U2 D2 B2 L'";"0";""
"333";"Beginner with 2 look OLL & PLL";"67340";"1667042435277";"F D F' U2 F' L F' U' F' D' R' U R2 U D B2 L2 D B2";"0";""
"333";"Beginner with 2 look OLL & PLL";"51960";"1667042529556";"L B2 D R D' F R' L' U' L U' R2 L2 U2 F2 D' F2 U' F2";"0";""
"333";"Beginner with 2 look OLL & PLL";"52390";"1667042619218";"L2 B D2 R2 B2 D2 B' U2 F R2 B2 R B L D2 L2 R D B L' F2";"0";""
"333";"Beginner with 2 look OLL & PLL";"58930";"1667042717010";"D2 F L2 B R2 U2 B R2 B D2 R2 U' F' L' R' F D' L2 B' F2 L'";"0";""
"333";"Beginner with 2 look OLL & PLL";"67070";"1667042832897";"F D2 L U2 F' L' D L' F2 U2 F' L2 F2 R L2 F2 B2 R B2";"0";""
"333";"Beginner with 2 look OLL & PLL";"62410";"1667042935687";"D2 U2 F' L2 D2 F L2 U2 R2 U2 R' B' D' F2 U L' F' D L2";"0";""
"333";"Beginner with 2 look OLL & PLL";"68950";"1667043067106";"B' F D2 F' L2 F' R2 U2 R2 F2 L U B L2 R' F2 D' B' U L' B";"0";""
"333";"Beginner with 2 look OLL & PLL";"64210";"1667043178688";"U D2 F D' R B2 D' R2 F2 B U2 R' U2 F2 R L2 D2 L F2 L'";"0";""
"333";"Beginner with 2 look OLL & PLL";"49710";"1667047905759";"F2 L' B2 L U2 B2 L2 R' B2 F' D F U R F2 U2 L2 R2 F' L";"0";""
"333";"Beginner with 2 look OLL & PLL";"55160";"1667048005023";"D' L2 U L' D2 L' B R2 F' D2 L F2 U2 D2 R2 B2 D2 F2 R' D2";"0";""
"333";"Beginner with 2 look OLL & PLL";"48060";"1667048083383";"B F2 U2 B L2 R2 F2 D' B2 R F2 R F D' U2 L2 U F";"0";""
"333";"Beginner with 2 look OLL & PLL";"87420";"1667048411045";"D2 B2 U R2 D2 L2 F2 D L2 F' D L' U2 F' U' F U' B2 L2";"0";""
"333";"Beginner with 2 look OLL & PLL";"56050";"1667048496421";"F2 D2 R2 U B2 D R' L2 B' U' F2 L2 D R2 D' R2 F2 B2 U2";"0";""
"333";"Beginner with 2 look OLL & PLL";"53290";"1667048583887";"B' R2 B2 R2 D F2 R' F2 L' B' U R2 D L2 D2 L2 U' B2 U L2";"0";""
"333";"Beginner with 2 look OLL & PLL";"78550";"1667048692555";"D' R2 U L2 F2 L' B U2 D L' D2 F2 R2 B U2 B' U2 F' L2";"0";""
"333";"Beginner with 2 look OLL & PLL";"55500";"1667048777368";"R2 F U2 B R2 B' U2 F D F' U' L2 F2 U L R B2 D' L";"0";""
"333";"Beginner with 2 look OLL & PLL";"54620";"1667049252404";"U2 R2 D' R2 D' R2 U2 R F' D2 U' F R D' F' D2 B' F'";"0";""
"333";"Beginner with 2 look OLL & PLL";"53750";"1667049360529";"D' R2 B2 L' U2 F2 R F U2 F' L2 F2 U R2 U B2 U2 B2";"0";""
"333";"Beginner with 2 look OLL & PLL";"48970";"1667049456649";"R D' F2 D B L U2 B R2 D' F L2 F' D2 F2 R2 U2 F' D2 F2";"0";""
"333";"Beginner with 2 look OLL & PLL";"63200";"1667049580994";"U R F' R D2 L' F L' F2 L' D B2 U F2 D' F2 U B2 U' F2";"0";""
"333";"Beginner with 2 look OLL & PLL";"59830";"1667050083979";"U' D' F2 B R' U' F' B2 R F' L B' L2 D2 F2 R2 B' R2 B'";"0";""
"333";"Beginner with 2 look OLL & PLL";"46480";"1667050169365";"D2 B' U2 B D2 B L2 U2 F' L' B2 F R B' F2 R' B2 D F R2";"0";""
"333";"Beginner with 2 look OLL & PLL";"61210";"1667050367827";"R2 F' D' F2 L2 B L' F R' U2 F R2 B R2 D2 B2 U2 B' U2 L2";"0";""
"333";"Beginner with 2 look OLL & PLL";"67050";"1667050464462";"D2 F' R2 B R2 F U2 L U R2 F' D' U' B' D F' L R";"0";""
"333";"Beginner with 2 look OLL & PLL";"64090";"1667050673706";"L2 D2 F' U2 B' R2 B D2 B D' B L' U L R2 U2 L' D2 U'";"0";""
"333";"Beginner with 2 look OLL & PLL";"51990";"1667050805706";"F U F2 L U R2 F' D B' L' U2 R2 U2 F2 R F2 U2 R U2 F2";"0";""
"333";"Beginner with 2 look OLL & PLL";"67340";"1667050966311";"L' U' B L D2 R' F U2 R F2 U' B2 U2 B2 R L2 D2";"0";""
"333";"Beginner with 2 look OLL & PLL";"58820";"1667051059148";"L B2 F2 R' U2 R B2 R B2 U R2 U F' R2 B' U F2 R2 D' L'";"0";""
"333";"Beginner with 2 look OLL & PLL";"60030";"1667051156156";"D' B2 D2 R2 U' L2 U' B2 L' F' L' F' U' L D R2 U' B U2";"0";""
"333";"Beginner with 2 look OLL & PLL";"59170";"1667051403786";"U' L2 R2 D L2 D U2 R2 U R2 B2 L D2 B L U2 L2 F' U' L' R";"0";""
"333";"Beginner with 2 look OLL & PLL";"61090";"1667122205648";"R2 D' L2 F2 R2 U F2 D F2 U2 F' U B U2 B2 D B' R U R'";"0";""
"333";"Beginner with 2 look OLL & PLL";"80700";"1667122478542";"D' R2 U R2 U L2 B2 U L F R U R' U' L D' B2 R' U";"0";""
"333";"Beginner with 2 look OLL & PLL";"77140";"1667122672610";"F' R2 L D' B' D2 R L2 U' L' F D2 L2 U2 R D2 L D2 F2";"0";""
"333";"Beginner with 2 look OLL & PLL";"64790";"1667122864687";"U' R D2 L U' D L F' D' R2 U2 R2 F' R2 F' D2 F' B2 U2 R2";"0";""
"333";"Beginner with 2 look OLL & PLL";"58850";"1667123250504";"D2 R' D2 F2 D2 R' D2 L2 U2 R B2 D B2 F D' L2 R2 B' D L";"0";""
"333";"Beginner with 2 look OLL & PLL";"54610";"1667129997383";"B' R' D B2 U L2 F' D' F B2 R D2 R U2 B2 R' L2 D2 F2";"0";""
"333";"Beginner with 2 look OLL & PLL";"60720";"1667130108843";"B U2 R2 B2 U2 R2 F2 D2 B' L' R' B R2 U' F' D' U F' U2";"0";""
"333";"Beginner with 2 look OLL & PLL";"57730";"1667130201705";"B2 L2 F' U R' D F L' F B2 L' U D' R2 D F2 R2 U2 L2";"0";""
"333";"Beginner with 2 look OLL & PLL";"53100";"1667130298763";"R2 D R2 D L2 D L2 R2 F L2 B' D2 F2 R' U R2 U2 F D'";"0";""
"333";"Beginner with 2 look OLL & PLL";"63570";"1667133082400";"R2 B2 L' F L2 F2 U F L' B' R L' B2 U2 R U2 D2 L2 F2";"0";""
"333";"Beginner with 2 look OLL & PLL";"43630";"1667133156377";"R F' U' R L2 U' L U' F2 D B2 U2 R U2 L' D2 F2 B2 L";"0";""
"333";"Beginner with 2 look OLL & PLL";"64020";"1667133257906";"D B2 R' U2 L' D B' R D2 F' U' F B2 D2 R2 B2 R2";"0";""
"333";"Beginner with 2 look OLL & PLL";"56170";"1667133350459";"D' F' R D2 L D' F' L' F' R2 L B2 R' F2 R D2 B2 R2 B2";"0";""
"333";"Beginner with 2 look OLL & PLL";"54450";"1667143263902";"F' R2 F L2 U2 B2 D2 F R2 D2 F2 U' L2 D R' D R U F2 U F";"0";""
"333";"Beginner with 2 look OLL & PLL";"55840";"1667143457600";"D' L' D F B' L' U' D' R2 L' F2 R2 D2 R2 B' D2 B D2 B'";"0";""
"333";"Beginner with 2 look OLL & PLL";"73450";"1667143563936";"U F R2 D' F R L2 U' L' B' R2 D2 L2 D2 R' U2 B2 U2";"0";""
"333";"Beginner with 2 look OLL & PLL";"69910";"1667143703996";"U F2 D' F' B U' F2 L U2 F2 B R2 F2 R2 D2 B2 L F2 R2";"0";""
"333";"Beginner with 2 look OLL & PLL";"58960";"1667200825686";"R2 F2 R2 U' B2 L2 U' B2 D2 R2 U' F' L2 B U F D L U F2 L'";"0";""
"333";"Beginner with 2 look OLL & PLL";"45920";"1667201033066";"D' L2 F2 L2 D' R2 F2 R2 U' B2 D' B' U2 L' B D2 U R D2 F'";"0";""
"333";"Beginner with 2 look OLL & PLL";"53720";"1667201172949";"U R' U' D2 L2 U L' F' R2 D' L' B2 U2 R2 L B2 D2 B2 R";"0";""
"333";"Beginner with 2 look OLL & PLL";"57820";"1667212106856";"D2 B L2 R2 D2 B R2 D2 U2 F' D2 L U' R2 B F L' R' D F' U'";"0";""
"333";"Beginner with 2 look OLL & PLL";"56060";"1667212192680";"D2 L2 F D2 B' L2 D2 F2 R2 D F' D2 B R' U2 F U B2 R' B2";"0";""
"333";"Beginner with 2 look OLL & PLL";"54500";"1667212276967";"L' U D' F2 R2 L' D' L' F' B2 U2 F2 D L2 U' B2 R2";"0";""
"333";"Beginner with 2 look OLL & PLL";"67610";"1667215221002";"U L' U' D2 R B' R' F2 U B L' U2 F2 L2 U2 B2 R2 B2 D2";"0";""
"333";"Beginner with 2 look OLL & PLL";"73930";"1667215325907";"D2 U2 B D2 U2 L2 F2 D2 B2 D' B L2 U' R B U B U R2 D2";"0";""
"333";"Beginner with 2 look OLL & PLL";"62970";"1667215500727";"R' U2 R F2 L' B2 D2 L' F' L' R D2 L F D R2 B2 U R2";"0";""
"333";"Beginner with 2 look OLL & PLL";"52500";"1667215588382";"D R L2 D F' U B R2 D F U' L2 U2 B2 L B2 R' D2 B2 D2";"0";""
"333";"Beginner with 2 look OLL & PLL";"63390";"1667215704634";"L2 D' F2 D2 L2 D' R2 U B2 R' F' L B' R' U' R2 D' L U'";"0";""
"333";"Beginner with 2 look OLL & PLL";"51990";"1667221254414";"D2 L2 F L2 U2 B' L2 B' L2 F' D R2 B' F2 U2 R' U R2 B";"0";""
"333";"Beginner with 2 look OLL & PLL";"70410";"1667222368232";"U2 L' D2 L2 U2 R B2 L U2 R' U2 B' R U2 L D B U' R2 B' R'";"0";""
"333";"Beginner with 2 look OLL & PLL";"59090";"1667222467859";"U2 B2 D' F2 L F' U2 D L2 B' U2 L' F2 L F2 R2 F2 L B2";"0";""
"333";"Beginner with 2 look OLL & PLL";"55370";"1667292851162";"U F2 D' F2 L2 U' R U' B U R U2 B F U' L' F U";"0";""
"333";"Beginner with 2 look OLL & PLL";"65330";"1667292970663";"L' D2 R2 B D F2 R2 U R' L' F D2 R' U2 R2 U2 R' F2 D2";"0";""
"333";"Beginner with 2 look OLL & PLL";"52140";"1667293057720";"F R' B L' D' R F U' R U2 R2 F2 L2 U2 F2 U2 D' B2 R2 B2";"0";""
"333";"Beginner with 2 look OLL & PLL";"56250";"1667293176042";"U B2 D' U' B2 D' B2 R U B F2 D2 R' B2 L D B' D'";"0";""
"333";"Beginner with 2 look OLL & PLL";"59590";"1667293288997";"F2 D2 B D' R' B' L2 F L' U F2 B2 L' U2 F2 R L2 F2 R F2";"0";""
"333";"Beginner with 2 look OLL & PLL";"60790";"1667293451208";"F2 R2 U2 R' D2 R U2 B2 L2 B2 L2 B L' R' B F' L' D' B' R2 F'";"0";""
"333";"Beginner with 2 look OLL & PLL";"61280";"1667293548023";"L F R2 B R L2 F2 B2 U F' U2 R2 B2 D2 B D2 F' D2 L2 B2";"0";""
"333";"Beginner with 2 look OLL & PLL";"56050";"1667293637095";"D' L2 D B2 R2 F2 R2 D2 U' B U' R2 D2 R' D2 B' L B'";"0";""
"333";"Beginner with 2 look OLL & PLL";"65190";"1667293739138";"R D' F2 U F B L' U L F' U2 L2 D2 R2 D2 F B D2 F";"0";""
"333";"Beginner with 2 look OLL & PLL";"60260";"1667293850711";"U B D F2 B2 L' D B' R2 F2 R L2 D F2 B2 R2 U D F2 B2";"0";""
"333";"Beginner with 2 look OLL & PLL";"51200";"1667293928784";"U' R' F R2 B2 D B R2 U2 L F U R2 B2 U R2 F2 R2 D";"0";""
"333";"Beginner with 2 look OLL & PLL";"64660";"1667294030744";"U2 B2 D2 R2 D2 R2 B' L2 F2 D' L' D' B' D' U2 L U F L";"0";""
"333";"Beginner with 2 look OLL & PLL";"52090";"1667294182949";"L2 U' R2 D' F2 R2 F2 L2 D2 U' L D' R2 U B2 F' L U F2";"0";""
"333";"Beginner with 2 look OLL & PLL";"56300";"1667294281529";"R2 B2 D L2 U' F2 R2 U2 R' B2 D F2 L' U' F2 L2 B2 F' L";"0";""
"333";"Beginner with 2 look OLL & PLL";"65380";"1667294516895";"L D2 B2 R B2 L2 B2 U2 L2 U R D2 L2 F' D2 B2 L F U' L";"0";""
"333";"Beginner with 2 look OLL & PLL";"53530";"1667294634976";"U2 B2 R B2 R D2 F2 D2 R' F2 D' B' L U L2 D' R2 D B L2";"0";""
"333";"Beginner with 2 look OLL & PLL";"44230";"1667294719725";"B F L2 F' R2 F' L2 F L2 U' F2 R B' F L' R' F L D2 L";"0";""
"333";"Beginner with 2 look OLL & PLL";"63070";"1667497005186";"U2 L2 U2 L' D2 R' U2 R' B' D B' L' F2 D' F' R' B D R2";"0";""
"333";"Beginner with 2 look OLL & PLL";"60930";"1667497209034";"D2 F' R2 F2 D2 R2 F' R2 B D2 F D L F' L' D L' R' U B2";"0";""
"333";"Beginner with 2 look OLL & PLL";"57610";"1667501880870";"B D2 F' U' R B2 R L2 D L U' R2 F D2 B U2 L2 B2 U2";"0";""
"333";"Beginner with 2 look OLL & PLL";"54770";"1667501961238";"U2 R' D' B R U2 R' B2 L' D R2 D2 L2 U' R2 B2 D'";"0";""
"333";"Beginner with 2 look OLL & PLL";"53230";"1667502044187";"B2 D' F2 U' B2 F2 D2 B2 F' R' B' D B F L2 U' R2";"0";""
"333";"Beginner with 2 look OLL & PLL";"62410";"1667502285995";"B' D' L U' B D' R2 B L2 U B2 L2 B2 U2 F2 L D2 R' F2";"0";""
"333";"Beginner with 2 look OLL & PLL";"65020";"1667502411350";"R' U2 L2 B2 F2 L' B2 U2 L B2 U' B U2 L' R B D' F' U B";"0";""
"333";"Beginner with 2 look OLL & PLL";"61480";"1667502503504";"U R2 U' R2 U L2 D' F2 D' F D L' D2 R2 B2 F L B F'";"0";""
"333";"Beginner with 2 look OLL & PLL";"68300";"1667502959401";"F' U F R2 U D F' B' U' R F2 U F2 B2 L2 B2 D B2 U B2";"0";""
"333";"Beginner with 2 look OLL & PLL";"55060";"1667503043847";"L' B' L2 D' B U' B' U' R2 F R2 U2 F2 D' F2 U' F2 D'";"0";""
"333";"Beginner with 2 look OLL & PLL";"56610";"1667547044628";"R2 U' D2 F L' F2 U R U' B2 U L2 D' F2 R2 U' L2 D2";"0";""
"333";"Beginner with 2 look OLL & PLL";"50530";"1667547138594";"R U2 B2 U D F2 B' L2 D' R D' R D2 R B2 L' D2 F2 D2";"0";""
"333";"Beginner with 2 look OLL & PLL";"57140";"1667547244972";"F2 R2 D2 B L2 F D2 F' L R2 U2 R B' L' R' B2 D' L2 F'";"0";""
"333";"Beginner with 2 look OLL & PLL";"51630";"1667547358928";"R F2 D2 L R' U2 R' U R B D2 L F' L2 R2 F U R'";"0";""
"333";"Beginner with 2 look OLL & PLL";"58630";"1667548670434";"B2 R2 U' L2 D B2 D' R2 D2 L2 D R U2 F' R B2 R2 B' D' R2 B";"0";""
"333";"Beginner with 2 look OLL & PLL";"47120";"1667548835862";"B D R' D F2 L2 U R L' U R2 D2 B' D2 R2 F' R2 F2 U2";"0";""
"333";"Beginner with 2 look OLL & PLL";"55590";"1667548940239";"F' B D' F2 D' B2 R' L D B2 R2 F2 L U2 R L2 U2 D2 R' F2";"0";""
"333";"Beginner with 2 look OLL & PLL";"67150";"1667549071548";"R' F' L' F2 B U R L' U F2 D2 L2 D' R2 D B2 D2 L2 D2";"0";""
"333";"Beginner with 2 look OLL & PLL";"65050";"1667549172658";"R2 B2 D2 R' F2 U2 B2 R U' B' D2 U2 L F D R B U2 L2";"0";""
"333";"Beginner with 2 look OLL & PLL";"61690";"1667551765637";"B' U2 L2 F' U2 R2 U2 R2 B' U2 F' U R2 B U2 R2 F' D R F D2";"0";""
"333";"Beginner with 2 look OLL & PLL";"52310";"1667551843159";"F2 L2 F2 L' B2 R2 D2 U2 B2 R2 F' U F' D U B' L' R'";"0";""
"333";"Beginner with 2 look OLL & PLL";"43340";"1667553251566";"R2 F D2 R2 D2 U2 F' U2 B R2 B' R' D U' R D2 F2 U2 L2 F' D2";"0";""
"333";"Beginner with 2 look OLL & PLL";"50640";"1667553551104";"L2 B' R' L' F2 D' F R2 D F2 U2 L F2 D2 L2 U2 D2 L' U2";"0";""
"333";"Beginner with 2 look OLL & PLL";"72320";"1667553663639";"D2 L2 R2 U' B2 F2 R2 B2 D' R' U R D' R D2 U' B' L' U' L";"0";""
"333";"Beginner with 2 look OLL & PLL";"49980";"1667553753130";"F2 D2 B F' D2 B' U2 F2 L U2 F' D' B' R U2 R2 F2 D' U2";"0";""
"333";"Beginner with 2 look OLL & PLL";"47740";"1667553849836";"R2 F2 R F R2 L' B' R D' F' B2 D R2 F2 R2 B2 L2 U L2 U'";"0";""
"333";"Beginner with 2 look OLL & PLL";"53650";"1667553954270";"R2 D2 F2 U2 B' R2 B R2 B2 R D' R' F' L' D2 L2 B D F2 L";"0";""
"333";"Beginner with 2 look OLL & PLL";"58790";"1667559318305";"D R2 F R' F2 R' D' L' B D' B2 D' B2 L2 F2 U B2 D F2 R2";"0";""
"333";"Beginner with 2 look OLL & PLL";"55790";"1667559797873";"B' L F2 D R U' D L' D2 F R' B2 U' F2 B2 D F2";"0";""
"333";"Beginner with 2 look OLL & PLL";"50210";"1667559882739";"F2 R' L2 F2 D' L F2 B R' B2 D' F' B D2 R2 B U2 R2 D2";"0";""
"333";"Beginner with 2 look OLL & PLL";"52680";"1667559969272";"F2 R2 B2 D' L2 U2 R2 B2 D B D2 R2 D' R' D U2 F2 R2 B' D";"0";""
"333";"Beginner with 2 look OLL & PLL";"59060";"1667560070569";"L2 B2 U B2 D' U2 B2 R2 D2 F' U2 R U R2 U' L R'";"0";""
"333";"Beginner with 2 look OLL & PLL";"53140";"1667560161741";"L2 B' U2 L2 F L2 F' D2 U' R' D' R2 U' F D R2 D' B L2";"0";""
"333";"Beginner with 2 look OLL & PLL";"51470";"1667560243672";"D' B R' F2 L' F B2 D2 L' D B' D2 F B' D2 R2 F D2 R2 U2";"0";""
"333";"Beginner with 2 look OLL & PLL";"46670";"1667579982082";"D2 L2 D2 R2 D B2 D' L2 D' R D F U2 B' R2 D R2 B2 L'";"0";""
"333";"Beginner with 2 look OLL & PLL";"56950";"1667580069960";"F2 D2 R2 B' F2 U2 R2 F U' R D R U' F2 L F2 R B2 R";"0";""
"333";"Beginner with 2 look OLL & PLL";"45750";"1667580145978";"F L' D' F' U' D' L' F2 R D' L D2 F2 B2 L2 B2 U B2 U2";"0";""
"333";"Beginner with 2 look OLL & PLL";"50950";"1667580231977";"D2 F2 D2 R F2 L' F2 L2 D L2 R U2 L U F' L U R";"0";""
"333";"Beginner with 2 look OLL & PLL";"54800";"1667580330196";"R2 F B2 R' U R2 L' D R2 B' R2 B2 R' D2 R2 L B2 L F2 R'";"0";""
"333";"Beginner with 2 look OLL & PLL";"49160";"1667580442802";"D R2 D' F2 D F2 L2 D F2 R2 U' R F2 R2 B' L' F' R D R2 F'";"0";""
"333";"Beginner with 2 look OLL & PLL";"62490";"1667649849926";"D B2 F2 U B2 D' R2 B2 F2 D B2 F R F2 D' U L R2 D B2";"0";""
"333";"Beginner with 2 look OLL & PLL";"59810";"1667650023024";"D L2 D2 U B2 L2 U' B U F2 L D2 B L D2 B' R2 U2 R'";"0";""
"333";"Beginner with 2 look OLL & PLL";"55280";"1667656962889";"F' L2 U D F U' L' U L2 F U2 D2 B2 R2 U2 L2 B D2 R2";"0";""
"333";"Beginner with 2 look OLL & PLL";"50720";"1667657362922";"U2 B R2 B' D2 R2 B L2 F R' B F U L R F R F' U2 F";"0";""
"333";"Beginner with 2 look OLL & PLL";"52880";"1667657459476";"B2 U' B2 R2 D R2 U2 L2 D L2 F' D' U B F2 L D2 U B' L";"0";""
"333";"Beginner with 2 look OLL & PLL";"50480";"1667657568552";"R L F' R' D' R' U2 B' L' B2 R B2 R2 B2 L2 U' L2 U D B2";"0";""
"333";"Beginner with 2 look OLL & PLL";"52080";"1667657672078";"F2 R F' D L' B2 D' F' U R D2 R2 F B2 D2 L2 B' L2 U2 F'";"0";""
"333";"Beginner with 2 look OLL & PLL";"60460";"1667657770597";"B2 L2 B2 F2 R' F2 D2 F2 L' U' L' R2 B' L2 R2 F' D' F' L R'";"0";""
"333";"Beginner with 2 look OLL & PLL";"48420";"1667664407355";"U2 F2 R2 B2 R2 D2 R2 D B2 U2 L2 F' D L F2 U2 B' U F2 L2 D";"0";""
"333";"Beginner with 2 look OLL & PLL";"70780";"1667665500617";"R2 D2 R2 D2 U' F2 U2 F' L2 U L R D U' R' F2 L' U R2";"0";""
"333";"Beginner with 2 look OLL & PLL";"42560";"1667665576904";"U2 R' B2 D2 R U2 R' F' D2 U B' L' U' L' U' R' F2 R";"0";""
"333";"Beginner with 2 look OLL & PLL";"64260";"1667733054009";"B' R2 D2 B F U2 R2 U2 F' L2 D2 U L U' B2 F2 L2 U' B2 R";"0";""
"333";"Beginner with 2 look OLL & PLL";"59570";"1667733151732";"U2 B2 F2 L' R2 F2 L' B' F L B2 F U2 R' U' B' R2 U";"0";""
"333";"Beginner with 2 look OLL & PLL";"68880";"1667733369422";"L2 B U2 B' D2 F' U2 L2 B' L2 R F R D F L2 F2 R2 F' R'";"0";""
"333";"Beginner with 2 look OLL & PLL";"53130";"1667733586905";"D L B U' F' R' L F' B2 R U L2 U2 L2 B' U2 F2 R2 U2 L2 B'";"0";""
"333";"Beginner with 2 look OLL & PLL";"60320";"1667733684354";"R F2 R' D2 R2 F2 D2 L' D U2 F' U L D2 R' D U' F2 R'";"0";""
"333";"Beginner with 2 look OLL & PLL";"54940";"1667733778932";"B' D2 L' F D F U D' B' R' B2 U' D' B2 U L2 U' B2";"0";""
"333";"Beginner with 2 look OLL & PLL";"64300";"1667733873171";"L B2 L D2 U2 F2 D2 L' U F U B L2 F' L' U2 F2 D' R2";"0";""
"333";"Beginner with 2 look OLL & PLL";"43060";"1667734375469";"B2 D2 U2 F2 L' D2 L2 R D R' B U' F L' F2 U2 R' B L'";"0";""
"333";"Beginner with 2 look OLL & PLL";"53710";"1667734479936";"D' L2 U' B2 R2 D' R2 F2 D2 R2 F L2 R2 U' B' D2 R' U2 R F";"0";""
"333";"Beginner with 2 look OLL & PLL";"45760";"1667734647447";"F2 R2 U L2 D' U2 B2 U F2 L' U2 L2 F' D' B' F2 L2 R' B F2";"0";""
"333";"Beginner with 2 look OLL & PLL";"67020";"1667734802629";"L' B U R2 F' R' D R L2 B' L D F2 B2 L2 U' R2 F2 U' R2";"0";""
"333";"Beginner with 2 look OLL & PLL";"59270";"1667734922487";"L2 F D' R' B L D' L F2 L2 U' B D2 F B2 L2 U2 R2 D2 F";"0";""
"333";"Beginner with 2 look OLL & PLL";"49320";"1667735018128";"L U' D' B2 U R' D' B2 R' B' U2 B2 D2 F2 L2 D B2 D' B2";"0";""
"333";"Beginner with 2 look OLL & PLL";"47960";"1667735118543";"F D2 B' L2 B F D2 B L2 U2 R F2 U' B' D2 F2 R D B2 F'";"0";""
"333";"Beginner with 2 look OLL & PLL";"51630";"1667735365768";"U' B' D2 F D' B' L2 F' D' B R U2 D2 B2 D2 F R2 D2 B'";"0";""
"333";"Beginner with 2 look OLL & PLL";"56930";"1667735516928";"B2 L2 F U2 L2 U2 B F2 U' F D' L' F2 R D' L' F L U2";"0";""
"333";"Beginner with 2 look OLL & PLL";"58090";"1667735716569";"R' B D R2 F R L2 U' L U F' L U2 F2 R' U2 F2 L' B2";"0";""
"333";"Beginner with 2 look OLL & PLL";"56080";"1667735820100";"D' L2 U' R2 F2 R2 D B2 U2 R' U L2 B F2 L D U2 L R' U2";"0";""
"333";"Beginner with 2 look OLL & PLL";"47100";"1667735945806";"L2 U B2 U' R2 B2 L2 B' D B' U' R' D L B L2 F L U";"0";""
"333";"Beginner with 2 look OLL & PLL";"62990";"1667736060597";"D2 R U2 R' F2 R2 U2 R' F2 L2 B' D' U' L' R' D F' L U2 R2";"0";""
"333";"Beginner with 2 look OLL & PLL";"51680";"1667736150240";"L2 B2 L B U' F B D' B2 R D2 L2 F B L2 B R2 B' D2 B2";"0";""
"333";"Beginner with 2 look OLL & PLL";"51170";"1667736245958";"B2 U2 B D2 B' L2 B' R2 F2 D2 F' L' U2 L B' R' B2 D2 L' D";"0";""
"333";"Beginner with 2 look OLL & PLL";"50220";"1667736349612";"D' F' R' B R2 U2 L2 D' L' B2 R U' B2 L2 D' L2 U D B2";"0";""
"333";"Beginner with 2 look OLL & PLL";"50040";"1667736435432";"B2 L' D R U R B R2 D' F' U B2 U R2 B2 D R2 B2 D2 R2";"0";""
"333";"Beginner with 2 look OLL & PLL";"54790";"1667736541304";"R2 D R' D B' L U' B2 L2 B R U2 L2 B' U2 B2 U2 F2 R2";"0";""
"333";"Beginner with 2 look OLL & PLL";"54550";"1667736689382";"R2 D F' L2 D B R F' R D' F' D2 B U2 D2 L2 F2 B' L2";"0";""
"333";"Beginner with 2 look OLL & PLL";"51480";"1667736783275";"L2 U2 R2 U' R2 B2 D L2 U' L2 D2 R' D' B L2 R' D R B' F' D";"0";""
"333";"Beginner with 2 look OLL & PLL";"47070";"1667736860939";"D' L2 B2 L' D2 B2 L D L B U2 B U2 R2 U2 F2 L2 B U2 B";"0";""
"333";"Beginner with 2 look OLL & PLL";"58530";"1667736960443";"B U' B2 U R U2 L' B' L' U R B2 L D2 F2 B2 R' B2 R";"0";""
"333";"Beginner with 2 look OLL & PLL";"50760";"1667816065057";"R2 B R2 F2 D2 B R2 U2 R2 D2 U2 L' F D' R' D2 F R2 D' R'";"0";""
"333";"Beginner with 2 look OLL & PLL";"56900";"1667816170084";"L' R2 F2 D2 L2 F2 D2 F2 R2 D' F D B L2 B D B' R' B'";"0";""
"333";"Beginner with 2 look OLL & PLL";"52390";"1667816254562";"F L2 R2 B' D2 L2 D2 R2 U' F2 D' R' F' R B U' R F U";"0";""
"333";"Beginner with 2 look OLL & PLL";"54360";"1667816385524";"U2 F' D2 L2 B' F2 R2 B U' B' L2 F2 U2 L' F2 R D' U R2";"0";""
"333";"Beginner with 2 look OLL & PLL";"50280";"1667816465773";"F2 U' L2 F2 U' L2 D L' B2 U2 F L R' B' R U2 B' F U";"0";""
"333";"Beginner with 2 look OLL & PLL";"47960";"1667816552202";"R' L B' R U' L' F B D F U2 R F2 D2 L2 D2 R' D2";"0";""
"333";"Beginner with 2 look OLL & PLL";"56300";"1667816643667";"L2 B D2 B U2 B' D2 B F2 D2 U F L B' D2 U' B' U' F2 L'";"0";""
"333";"Beginner with 2 look OLL & PLL";"53200";"1667816724536";"L' U2 R2 B2 F2 R D2 L R2 F2 R2 U' F2 R' B D2 F2 U2 L";"0";""
"333";"Beginner with 2 look OLL & PLL";"43680";"1667816812112";"U F' U R L' B2 L U' R F2 R U2 L2 B' U2 F' L2 F B";"0";""
"333";"Beginner with 2 look OLL & PLL";"48620";"1667816909837";"D U' L2 D2 R2 B2 L' B U B' U R B2 L B L' D'";"0";""
"333";"Beginner with 2 look OLL & PLL";"64880";"1667817011733";"U' D2 R F' D B' L F' U2 F' R U2 B L2 F' U2 D2 F' D2";"0";""
"333";"Beginner with 2 look OLL & PLL";"59630";"1667817370790";"L' U L F R F L F2 L2 F2 D' F' B' U2 B D2 L2 B2 U2";"0";""
"333";"Beginner with 2 look OLL & PLL";"55010";"1667817457214";"B2 U2 D' L2 D2 F' L2 D2 B' L D R2 B2 D2 R2 B2 U2 D";"0";""
"333";"Beginner with 2 look OLL & PLL";"41950";"1667817530244";"B2 U2 L U' R2 F' L2 F2 D R' U D2 B2 U2 D R2 U F2 R2";"0";""
"333";"Beginner with 2 look OLL & PLL";"77190";"1667821106715";"B D F' B' D2 L F' R D2 L' F R2 F R2 D2 F R2 F D2 B' L2";"0";""
"333";"Beginner with 2 look OLL & PLL";"63910";"1667821203714";"F' L2 D2 U2 R2 F' D2 R2 U2 R B D' F2 R F U2 R F' R2 U'";"0";""
"333";"Beginner with 2 look OLL & PLL";"48360";"1667821370389";"R D2 L2 B2 L R2 B2 R' B D2 F U' B2 F R' D' B U2 L'";"0";""
"333";"Beginner with 2 look OLL & PLL";"72760";"1667830197222";"D' R2 D L D2 F2 U F D' R U2 D2 F U2 B R2 L2 F U2 D2 L2";"0";""
"333";"Beginner with 2 look OLL & PLL";"46440";"1667830379784";"L2 D2 R2 D2 B R2 B2 F' L U' R2 F' U F2 R U R2 U2 L'";"0";""
"333";"Beginner with 2 look OLL & PLL";"51890";"1667830476351";"U' L2 F2 U F2 U' B2 R2 B2 F2 D' L U R2 D2 R' F R' B F2 R2";"0";""
"333";"Beginner with 2 look OLL & PLL";"48240";"1667830570677";"D2 B2 D2 F2 L' D2 L' F2 R2 B2 U' F L2 U' L U2 B2 L' D' B2";"0";""
"333";"Beginner with 2 look OLL & PLL";"45290";"1667830654475";"L2 B' D2 B2 R2 F' R2 B D' B2 R2 U2 L' B2 R2 U' F2 R' B";"0";""
"333";"Beginner with 2 look OLL & PLL";"46750";"1667830738680";"F2 L2 R2 U B2 R2 D' B2 U L D' B R' F2 U' L2 F2 R' F U'";"0";""
"333";"Beginner with 2 look OLL & PLL";"46460";"1667831031864";"L2 B' L2 D2 B L2 F2 R2 D2 B' R2 D R F R2 F2 L2 F' R D'";"0";""
"333";"Beginner with 2 look OLL & PLL";"45370";"1667831227171";"F2 L2 B L B' D2 F U2 R' U F2 U' R2 B2 U2 F2 B2 L2 D B2";"0";""
"333";"Beginner with 2 look OLL & PLL";"54080";"1667831364484";"B2 U B R' U2 B R2 B2 U' F' B2 R' U2 L2 F2 L B2 R D2";"0";""
"333";"Beginner with 2 look OLL & PLL";"42890";"1667831470257";"D2 R2 D2 F' L2 D2 B2 F U' R U2 B' R' U2 R' U B L' U";"0";""
"333";"Beginner with 2 look OLL & PLL";"55690";"1667831573180";"F L' D2 F' R U R2 F2 U' F' R D' R2 D L2 F2 R2 U' B2";"0";""
"333";"Beginner with 2 look OLL & PLL";"49650";"1667831666115";"D' L U' D R L' U D' R2 F' R F2 B2 U F2 L2 U' D2 R2";"0";""
"333";"Beginner with 2 look OLL & PLL";"50620";"1667831751574";"D2 R2 U F2 U B2 U R2 B2 L' D F L' U' B U' F' R' D'";"0";""
"333";"Beginner with 2 look OLL & PLL";"57860";"1667832204658";"B2 F' L2 B2 D2 L2 U2 B' D2 L2 F' D' R' U2 L' D2 B U R2 U2 L2";"0";""
"333";"Beginner with 2 look OLL & PLL";"63110";"1667993735426";"U2 F D2 B2 L2 R2 B' U2 F' U2 F2 D' F' L2 D R B2 F R' B2";"0";""
"333";"Beginner with 2 look OLL & PLL";"53880";"1667998184081";"R F L2 B U' R' F R' B2 L' U R2 D' L2 D' L2 U L2 F2 D2";"0";""
"333";"Beginner with 2 look OLL & PLL";"39930";"1667998909742";"B L2 U' B2 L2 D2 F2 D' L' B2 L' F2 D2 R' F2 L B2 R'";"0";""
"333";"Beginner with 2 look OLL & PLL";"44850";"1668003223717";"F2 U' R2 U R2 D F2 D' B2 U R2 F U' F R' D U B L2";"0";""
"333";"Beginner with 2 look OLL & PLL";"54450";"1668003330221";"U' L B R' B2 U2 B U R F D F U2 F L2 F' B' U2 R2 L2";"0";""
"333";"Beginner with 2 look OLL & PLL";"51370";"1668160818376";"B R U' R L' U' D F2 D' B' R2 F2 U' R2 U' B2 U' D2 R2 U";"0";""
"333";"Beginner with 2 look OLL & PLL";"50270";"1668160954239";"D' B' L D2 F R L U B' U' D2 B2 R2 F R2 U2 B2 U2 L2 F2";"0";""
"333";"Beginner with 2 look OLL & PLL";"52720";"1668161057245";"F2 U2 B2 R' U2 L' U2 R' F2 U' R B' D F2 R D2 L' U2 B'";"0";""
"333";"Beginner with 2 look OLL & PLL";"47630";"1668161178724";"F2 D2 B' F2 R2 F' R2 U2 B R' B D2 L' F D B F2 U' L' U2";"0";""
"333";"Beginner with 2 look OLL & PLL";"61070";"1668168307738";"F2 B2 R' U F D2 F L B R D2 R2 F2 R' F2 L' U2 R D2 R'";"0";""
"333";"Beginner with 2 look OLL & PLL";"55730";"1668168391708";"L B L2 D2 L U' L2 U F R2 U2 R' D2 L D2 F2 U2 F2 L' D2";"0";""
"333";"Beginner with 2 look OLL & PLL";"51200";"1668168478245";"R U2 F' D L' D' B' U F' R F2 L D2 R D2 F2 U2 R D2 L2";"0";""
"333";"Beginner with 2 look OLL & PLL";"45000";"1668168609363";"R2 U' F2 U2 R2 B2 D2 L2 B' D R2 F L' B D U2 F' U2";"0";""
"333";"Beginner with 2 look OLL & PLL";"41430";"1668168790572";"U' D L2 F' B R' U' L2 D R D2 L' F2 B2 U2 R L2 B2 L U2";"0";""
"333";"Beginner with 2 look OLL & PLL";"47360";"1668168877994";"R F2 L' F2 L' U2 L2 B L F2 R2 B' U L' F' U2 L2 U";"0";""
"333";"Beginner with 2 look OLL & PLL";"59670";"1668168982317";"F2 L2 D2 L2 R2 U2 F U2 F2 R U R' B' U2 L' F R' B2 U' B2";"0";""
"333";"Beginner with 2 look OLL & PLL";"44610";"1668174196062";"R D2 L2 B2 R U2 R' D2 F2 L U R D2 B' L D L2 U' L";"0";""
"333";"Beginner with 2 look OLL & PLL";"49960";"1668174302476";"D2 R2 U2 D2 B U' R' F D2 L' F B2 L2 B2 U2 D' R2 D R2";"0";""
"333";"Beginner with 2 look OLL & PLL";"53540";"1668174398815";"U2 D L2 F' U' D' R' U B' U2 B2 R' D2 R' U2 R' B2 U2 F2 R2";"0";""
"333";"Beginner with 2 look OLL & PLL";"45350";"1668174482387";"L D2 R' D2 F' B' L B U' D L D2 R2 B2 L2 D' B2 U2 D R2";"0";""
"333";"Beginner with 2 look OLL & PLL";"47440";"1668174562088";"B R2 U2 F R2 B' U2 L2 D' F' D' B' L B U F2 L' R F";"0";""
"333";"Beginner with 2 look OLL & PLL";"58210";"1668174649796";"R' D2 B R2 U' R U2 R L D F L2 F D2 L2 B' U2 F' D2 F'";"0";""
"333";"Beginner with 2 look OLL & PLL";"52680";"1668174788090";"U R B2 R2 F D' F U D2 F' B2 R U2 B2 R' L2 D2 F2 B2 R2";"0";""
"333";"Beginner with 2 look OLL & PLL";"45830";"1668174862703";"R B2 D2 L2 R' B2 U2 L' R' B' U L2 R F R D2 B L2 B";"0";""
"333";"Beginner with 2 look OLL & PLL";"44360";"1668174934871";"D R F' U D R U2 D R2 L' B2 U R2 U' F2 U2 R2 U' R2";"0";""
"333";"Beginner with 2 look OLL & PLL";"52870";"1668175024814";"R F R2 F' L' D R' B D F2 D2 L2 F L2 U2 B2 L2 D2";"0";""
"333";"Beginner with 2 look OLL & PLL";"57090";"1668178568172";"D F2 U' L2 F2 U B2 F2 D R2 F2 L' F D U' L' B U' F2 L2";"0";""
"333";"Beginner with 2 look OLL & PLL";"42080";"1668178645148";"B R U2 D B' U B' R' D R2 F D2 L2 F' R2 L2 B2";"0";""
"333";"Beginner with 2 look OLL & PLL";"47780";"1668178733023";"L' D2 B2 L D2 R2 D2 R2 F2 U F' L' D B' R U2 R2 D U2 F'";"0";""
"333";"Beginner with 2 look OLL & PLL";"45320";"1668178807868";"U R2 U' L2 B2 D R2 D F' U L' B2 D' L2 B' F U F' R'";"0";""
"333";"Beginner with 2 look OLL & PLL";"52090";"1668178886242";"R2 U2 L U2 B2 R F2 L' R' U R B U F2 R' U' R U2 F U'";"0";""
"333";"Beginner with 2 look OLL & PLL";"47770";"1668178967743";"F2 R2 F' L2 F2 L2 F2 D2 R' D L D' L2 R2 D' R F2 R F2";"0";""
"333";"Beginner with 2 look OLL & PLL";"56980";"1668179062694";"F2 U2 L U2 R' U B2 D2 R D F B2 D' B2 L2 F2 D' B2 U'";"0";""
"333";"Beginner with 2 look OLL & PLL";"48360";"1668179181825";"F2 L' F2 D2 B2 D2 L' R D' L D2 F' U' B' L2 R U' L2 D";"0";""
"333";"Beginner with 2 look OLL & PLL";"47760";"1668179403679";"L2 R2 D2 L2 R2 B' R2 B2 U2 B2 L D' F2 U F D' F' L' D2";"0";""
"333";"Beginner with 2 look OLL & PLL";"56350";"1668179502126";"D2 F' D2 F' R2 B2 F2 U2 B2 L D' L' B' L2 B' R' F' R' B";"0";""
"333";"Beginner with 2 look OLL & PLL";"57440";"1668179618215";"U B' R U2 L' U L F U2 L' B' D2 L2 F R2 F' B2 U2 F2";"0";""
"333";"Beginner with 2 look OLL & PLL";"45410";"1668179693279";"F L' D L2 U2 L2 B L2 U' F R2 F2 B2 L U2 D2 L' F2 D2";"0";""
"333";"Beginner with 2 look OLL & PLL";"54280";"1668179792143";"D F2 B2 D' B2 R' F' L' B' D2 R' F' B2 R2 F2 L2 U2 F' B'";"0";""
"333";"Beginner with 2 look OLL & PLL";"52490";"1668181050002";"R2 D2 F2 D B2 L2 U2 R2 U' L2 U2 B' D B L' U F R2 F L";"0";""
"333";"Beginner with 2 look OLL & PLL";"52030";"1668181174201";"R F D2 R' F2 R' D' R F2 D' F R2 F2 B2 U' F2 D2";"0";""
"333";"Beginner with 2 look OLL & PLL";"68620";"1668181273514";"B2 F2 D' L2 R2 D' B2 D2 R2 B F' D' F2 R' U L' B R F2 L2";"0";""
"333";"Beginner with 2 look OLL & PLL";"55640";"1668181387935";"L' F R' D2 R' U B' R' D F' D2 F2 U2 R2 U2 R2 F2 L U2 L2";"0";""
"333";"Beginner with 2 look OLL & PLL";"52650";"1668181494210";"F2 L2 D2 B R2 U2 B F D R' U R' D R' U B2 F D2 R";"0";""
"333";"Beginner with 2 look OLL & PLL";"41510";"1668181587517";"U B2 U R' L' U' L D' B2 L F B2 D2 F U2 F U2 B U2";"0";""
"333";"Beginner with 2 look OLL & PLL";"49410";"1668181690905";"D2 F' D2 B U2 B' F U2 F' L' U2 F' D' B D U L2 F' D U2";"0";""
"333";"Beginner with 2 look OLL & PLL";"63070";"1668181903162";"D F2 R2 U B2 R2 B2 U B L2 R' F R2 B' F L2 B F' R";"0";""
"333";"Beginner with 2 look OLL & PLL";"44460";"1668181989954";"U' L2 U2 L2 R2 U F2 D' B R' F R U' L2 F2 U' L' D F'";"0";""
"333";"Beginner with 2 look OLL & PLL";"45890";"1668182069010";"B L2 B2 D2 L2 U2 F' L2 F L' D' L R' U2 F R2 D' F' R' U";"0";""
"333";"Beginner with 2 look OLL & PLL";"44220";"1668182150530";"D2 B2 D L2 D B' F' D R' D2 U2 L' D U' B' L U";"0";""
"333";"Beginner with 2 look OLL & PLL";"49310";"1668182230691";"R2 U2 B2 L D F2 U R2 F D' B2 L2 F2 R2 U B2 U' R2 U'";"0";""
"333";"Beginner with 2 look OLL & PLL";"52270";"1668182313375";"R' U R2 U L' D L D F' B U' D2 L2 B2 L' F2 L D2 F2";"0";""
"333";"Beginner with 2 look OLL & PLL";"54470";"1668182409142";"B L2 B' L2 U2 B' R2 D2 U2 R B' F' L2 U L B' D R F2 U2";"0";""
"333";"Beginner with 2 look OLL & PLL";"46690";"1668182487902";"L2 B2 U2 F' R2 F L2 B L' F U R' D' U B' F2 L U' L";"0";""
"333";"Beginner with 2 look OLL & PLL";"54650";"1668249594309";"R2 B' U' R F2 U' R2 F' L' U' L2 U2 D2 B D2 B' D2 B2 U2 F'";"0";""
"333";"Beginner with 2 look OLL & PLL";"44270";"1668249673364";"D2 B2 L B2 L2 B2 L B2 U B R D2 B' U B D2 B' F2 U";"0";""
"333";"Beginner with 2 look OLL & PLL";"44490";"1668249747174";"D' B R' B R2 B U' F' U F2 D2 L B2 U2 D2 R F2 L F2 L2";"0";""
"333";"Beginner with 2 look OLL & PLL";"51200";"1668249841142";"R2 F2 D' L2 D R2 U2 L2 U' L' D' B2 U' B' R U2 L U' F2 D'";"0";""
"333";"Beginner with 2 look OLL & PLL";"52330";"1668249926595";"F U2 R' D R2 F U2 L' B U' F2 B2 U B2 U B2 D' B2 D L2";"0";""
"333";"Beginner with 2 look OLL & PLL";"44750";"1668250015507";"R D2 F U D2 B2 U R2 U' R L2 F2 R2 D2 L2 D2 B U2 B'";"0";""
"333";"Beginner with 2 look OLL & PLL";"54440";"1668250115873";"F2 L B2 R2 D2 B2 L D2 R' B D2 U2 B' U' L R B D' F2 R";"0";""
"333";"Beginner with 2 look OLL & PLL";"36450";"1668250252974";"B R' D' R D' R2 U R U' F D F2 B2 D' R2 F2 D2";"0";""
"333";"Beginner with 2 look OLL & PLL";"57410";"1668250381261";"F2 L B2 L U2 F2 R U2 F2 D2 R' D L' U2 F2 U' B2 D B' L";"0";""
"333";"Beginner with 2 look OLL & PLL";"48290";"1668250475540";"R' U F B2 L' U2 D' F2 R' U' F' D2 L2 D2 B' D2 F2 B' R2 F";"0";""
"333";"Beginner with 2 look OLL & PLL";"37190";"1668250606658";"U' F2 R2 B2 F2 D U B' D2 U' B' R2 D' L U' R' F'";"0";""
"333";"Beginner with 2 look OLL & PLL";"33810";"1668250687766";"B L2 F' U R U' L' B D' R B2 R' F2 U2 R D2 L2 U2 B2";"0";""
"333";"Beginner with 2 look OLL & PLL";"58040";"1668250836409";"U' R F' U2 L' D2 F' L' D F2 R2 D2 R2 F R2 F R2 B' R2";"0";""
"333";"Beginner with 2 look OLL & PLL";"40300";"1668250902666";"L2 U' R2 U' R2 F2 U R2 B' F2 U' B2 D F L D' U' L2 R2";"0";""
"333";"Beginner with 2 look OLL & PLL";"53790";"1668250998917";"U' L B D' F U2 B D' L2 F B' U2 D2 L2 D2 R2 B2 D";"0";""
"333";"Beginner with 2 look OLL & PLL";"47830";"1668251315522";"B R' L F2 L2 D L' F' L D2 F' L2 F2 R2 U2 R2 B2 U";"0";""
"333";"Beginner with 2 look OLL & PLL";"58730";"1668251414005";"D U2 B2 R2 D R2 D' L2 R B U' B' L B' D' R' U L' D'";"0";""
"333";"Beginner with 2 look OLL & PLL";"47990";"1668251490182";"B2 L' F2 R D2 L R2 B' D U' R B2 U F' U' F' U' L";"0";""
"333";"Beginner with 2 look OLL & PLL";"49370";"1668251579020";"L F B2 U D2 F' R' D' B U R D2 B2 U' B2 L2 D B2 U F2";"0";""
"333";"Beginner with 2 look OLL & PLL";"52770";"1668251674303";"F2 R2 U2 L' U' F2 B L' D' L2 F2 R U2 L2 U2 F2 L' U2 F2";"0";""
"333";"Beginner with 2 look OLL & PLL";"68880";"1668251773156";"F R2 F R' F B R' U B2 U2 F B2 R' F2 R2 L B2 U2 R2";"0";""
"333";"Beginner with 2 look OLL & PLL";"44770";"1668251843046";"R2 U2 B U2 B' F2 R2 F2 D B' D2 R D' L2 R U2 F' D' U'";"0";""
"333";"Beginner with 2 look OLL & PLL";"49190";"1668251929213";"L2 F2 D' R2 B2 D' F2 R2 U L' F2 R F L2 R D2 U F L'";"0";""
"333";"Beginner with 2 look OLL & PLL";"45480";"1668252000949";"D2 L2 U2 R' D2 L' F L' U' L2 F2 D2 R2 F D2 B R2 L2 B R2";"0";""
"333";"Beginner with 2 look OLL & PLL";"60630";"1668252103652";"L B' D R2 D' R' U2 L' U L2 D2 F2 R2 B' L2 B2 U2 F L2 U2";"0";""
"333";"Beginner with 2 look OLL & PLL";"42020";"1668252195442";"L2 R2 D L2 U R2 B2 U' L2 U2 B' R' D' U2 B' U' R2 U2";"0";""
"333";"Beginner with 2 look OLL & PLL";"53190";"1668254449725";"U L2 R2 D' U R2 D' L2 U' B2 F' D' B' L' R' F' U F U F";"0";""
"333";"Beginner with 2 look OLL & PLL";"60300";"1668254555068";"F2 D2 F2 U2 R2 D2 L B2 R' D' B2 F' D' U F' R2 U' L' U";"0";""
"333";"Beginner with 2 look OLL & PLL";"43030";"1668254666374";"R2 B' R2 F2 R2 U2 B2 F L2 F2 R' F R B' R2 U2 F U B' R2";"0";""
"333";"Beginner with 2 look OLL & PLL";"39460";"1668254743629";"B2 D' F2 D2 F2 D' F2 L2 D U' L' U' F' D R2 U' B' R' D L";"0";""
"333";"Beginner with 2 look OLL & PLL";"53170";"1668254840014";"R2 D2 B' L2 F' R2 D2 R2 D2 L' D F R2 U' R' B R' B2 D2 L'";"0";""
"333";"Beginner with 2 look OLL & PLL";"41510";"1668254918963";"U' F2 U B2 U' R2 U2 B D F' D L B' D' L' R2 B R U'";"0";""
"333";"Beginner with 2 look OLL & PLL";"40860";"1668254998282";"B' L2 D2 R2 F' U2 B' F' D2 L2 R' F U2 F2 R2 B L U";"0";""
"333";"Beginner with 2 look OLL & PLL";"42580";"1668255072181";"L U B2 L F L F' R' F R B R' B2 L F2 R' U2 R'";"0";""
"333";"Beginner with 2 look OLL & PLL";"46440";"1668255155468";"R2 U' D2 L U' D' L D F2 R2 F' U2 L2 U F2 U' D2 R2 D' B2";"0";""
"333";"Beginner with 2 look OLL & PLL";"50710";"1668255260571";"F2 B2 U' D' L U2 F' R' D B' L B2 L2 B2 L2 U' R2 B2 U' B2";"0";""
"333";"Beginner with 2 look OLL & PLL";"44220";"1668255344009";"L2 D' U2 F2 U B2 F2 R2 F' U' B R' B U2 L' U2 F' D2 U2";"0";""
"333";"Beginner with 2 look OLL & PLL";"41480";"1668255411714";"D2 L2 R D2 R' F2 R F L B U L' R B U2 F2 L R'";"0";""
"333";"Beginner with 2 look OLL & PLL";"48170";"1668255487645";"R U2 F' R2 D F R' U2 L' F2 R' F L2 U2 R2 F2 L2 F'";"0";""
"333";"Beginner with 2 look OLL & PLL";"48270";"1668255565711";"R2 D F' B2 D2 L' D L2 B2 L' U2 F' R2 B' L2 F' D2 F2 U2";"0";""
"333";"Beginner with 2 look OLL & PLL";"45710";"1668255647578";"R2 L F' U2 L' F2 L' B' L2 B L' F2 R2 D' L2 F2 D' F2 U F2";"0";""
"333";"Beginner with 2 look OLL & PLL";"47360";"1668255729154";"U2 F2 D' R F D' R B2 L2 U R U2 L2 U2 D2 L B2 L' B2";"0";""
"333";"Beginner with 2 look OLL & PLL";"51690";"1668255810553";"B2 R2 D L2 D F2 R2 F2 L2 B U L' F2 R' B2 U' R' F'";"0";""
"333";"Beginner with 2 look OLL & PLL";"37780";"1668255882856";"F' D2 B U2 B2 L2 B2 R2 D2 L' U' L2 R2 B2 R2 B R U' B";"0";""
"333";"Beginner with 2 look OLL & PLL";"39360";"1668255996102";"R2 D' F2 R2 D2 R2 D' L2 B2 D' B' U L D2 R D' R2 B' L' U";"0";""
"333";"Beginner with 2 look OLL & PLL";"51020";"1668338516811";"F' B2 R' F B2 R F2 B U B2 D2 L2 B' D2 R2 F B2 R2 B' U2";"0";""
"333";"Beginner with 2 look OLL & PLL";"49490";"1668338601998";"B' D2 R2 B F2 D2 R2 U2 L2 D B R2 U' L' B R F R2 F L'";"0";""
"333";"Beginner with 2 look OLL & PLL";"47530";"1668338700030";"U' R2 F2 L' U' D2 F R' F2 L' U' L2 F2 B U2 L2 U2 L2";"0";""
"333";"Beginner with 2 look OLL & PLL";"59860";"1668338803959";"B' L2 B2 F' L2 D2 F2 D U2 F2 D' L F L R2 U' F2 U2";"0";""
"333";"Beginner with 2 look OLL & PLL";"40260";"1668338981656";"R' L F2 U2 D R' B U' L' U' D L U2 L' D2 R' B2 R2 B2";"0";""
"333";"Beginner with 2 look OLL & PLL";"48210";"1668339117903";"B2 U F U2 L B2 D L F' R U R F2 R' D2 R2 U2 R L";"0";""
"333";"Beginner with 2 look OLL & PLL";"47610";"1668339202357";"U B' R' U' L B' R U L2 B2 R2 L' D2 L' U2 F2 L F2 R";"0";""
"333";"Beginner with 2 look OLL & PLL";"42090";"1668339269829";"L2 B2 F2 L' B2 U2 L2 D2 R' U2 R' B L' F D' B' L' F' L' U'";"0";""
"333";"Beginner with 2 look OLL & PLL";"46240";"1668339354773";"R2 B2 L' U2 F2 D2 R F2 L F D L F L F R' U2 B F'";"0";""
"333";"Beginner with 2 look OLL & PLL";"48320";"1668339534609";"R' L' F' B L F' L D2 F R2 L2 U' F2 U R2 D2 R2 U R2";"0";""
"333";"Beginner with 2 look OLL & PLL";"49630";"1668339623582";"B2 R2 F L2 U2 L2 B' R2 B D2 L' B2 D2 R' U F L' B2 D' F'";"0";""
"333";"Beginner with 2 look OLL & PLL";"49240";"1668339730392";"D U' B2 U F2 L2 U L' F L B2 F2 R2 U2 R' U2 B' D2";"0";""
"333";"Beginner with 2 look OLL & PLL";"56560";"1668340030592";"U R2 D L2 U' L2 U2 F2 U2 B R U B R2 U L F2 R2 B2 R";"0";""
"333";"Beginner with 2 look OLL & PLL";"58050";"1668340171424";"R2 D2 B2 F2 U R2 D2 B2 U2 B' U F D2 U' L U' B' R' F";"0";""
"333";"Beginner with 2 look OLL & PLL";"48810";"1668340349655";"L2 D2 R2 B2 L' R' U2 B' D2 U2 R' U' F' L2 B2 D B F";"0";""
"333";"Beginner with 2 look OLL & PLL";"48520";"1668340492790";"L U' R' F2 D' B D L2 F U F R2 B R2 F2 U2 L2 B";"0";""
"333";"Beginner with 2 look OLL & PLL";"41650";"1668345489003";"R2 D2 U L2 D' B2 D2 R2 B2 L2 B' D' F' R D L' F' U' L U2 L";"0";""
"333";"Beginner with 2 look OLL & PLL";"55040";"1668345579575";"F U R L F' D F2 B D L2 B' U F2 U' B2 U B2 D L2 F2";"0";""
"333";"Beginner with 2 look OLL & PLL";"35250";"1668345644608";"R' U2 L' F2 L' B2 D2 U2 F2 U' F U' L2 B L U' R F D' F";"0";""
"333";"Beginner with 2 look OLL & PLL";"42990";"1668345765922";"D2 R2 F2 R' U R' L U' D2 L B R2 L2 B2 R F2 R B2 L F2";"0";""
"333";"Beginner with 2 look OLL & PLL";"47330";"1668345852971";"R U2 L B2 R2 U B R B2 D2 F' D F2 B2 U B2 U2 L2 B2 U'";"0";""
"333";"Beginner with 2 look OLL & PLL";"48560";"1668345941551";"L2 U' B2 U2 F2 U F2 D F2 U2 F' D' U2 R F U2 B R U' L";"0";""
"333";"Beginner with 2 look OLL & PLL";"65090";"1668346037131";"U R' D2 L2 F2 R F2 D F' B2 L F2 B2 L D2 L2 D2 F2 R2";"0";""
"333";"Beginner with 2 look OLL & PLL";"48860";"1668346112591";"L2 D' L2 D2 L2 D2 B2 F' R2 F2 D' B D' L R' F R2 F' U'";"0";""
"333";"Beginner with 2 look OLL & PLL";"41640";"1668346194454";"F' D' F U R U' F L D2 R' F L2 F2 R' U2 R' L' F2 L'";"0";""
"333";"Beginner with 2 look OLL & PLL";"47770";"1668346288804";"R F2 R F2 R U2 B2 L2 F2 U' L' B L' U2 F2 D R' U' R2";"0";""
"333";"Beginner with 2 look OLL & PLL";"47060";"1668346370270";"B D2 L2 F L2 D2 B L2 B F2 D L F D2 B' U' R2 U2 F' D";"0";""
"333";"Beginner with 2 look OLL & PLL";"49510";"1668346466346";"L' U2 L' B2 R2 U2 B2 U2 F2 R' B' F' D' R B2 L2 B2 U2 B' D";"0";""
"333";"Beginner with 2 look OLL & PLL";"49180";"1668346599825";"B2 L2 U' B' D L2 U' F R2 L' U2 R2 U2 B2 U' R2 B2 U'";"0";""
"333";"Beginner with 2 look OLL & PLL";"57340";"1668426684331";"U' D F2 L F D' B2 R2 U L U L2 U' B2 R2 D2 L2 U F2 R2 D";"0";""
"333";"Beginner with 2 look OLL & PLL";"44990";"1668426754069";"U L2 R2 U F2 D2 U' B2 L' B2 F L U' L' D B' U2 R B' R2";"0";""
"333";"Beginner with 2 look OLL & PLL";"48900";"1668426945880";"L2 F U2 F' L2 F' U2 B R' D2 L D2 B L' D' U R2 B'";"0";""
"333";"Beginner with 2 look OLL & PLL";"41760";"1668427384379";"R' D2 B' L F' D F' U2 B' R' D2 L2 F' D2 F2 R2 U2 D2 F2";"0";""
"333";"Beginner with 2 look OLL & PLL";"51990";"1668427461355";"U2 L2 F2 L U2 L2 R' U2 B2 D F R2 U L2 B' R2 F' R2 F' L2";"0";""
"333";"Beginner with 2 look OLL & PLL";"41210";"1668427529278";"U F' D R' F2 D F2 D2 L D B L2 D2 F2 R2 U2 F' L2 B' R2";"0";""
"333";"Beginner with 2 look OLL & PLL";"50330";"1668427635115";"B U D' F' D L' U2 R B' L B' L2 U' B2 U' D2 R2 U B2";"0";""
"333";"Beginner with 2 look OLL & PLL";"42790";"1668427704943";"R2 B U2 B L2 F2 D2 R2 B2 R B R B U2 L U B D' U'";"0";""
"333";"Beginner with 2 look OLL & PLL";"55990";"1668427798645";"R' B2 U2 B2 L' U2 L B2 L D' L2 B' F L U' L2 R D L2 R2";"0";""
"333";"Beginner with 2 look OLL & PLL";"46990";"1668427886771";"F2 L' F2 R L' F' B2 L2 U' R' U2 R2 F B D2 B U2 B2 L2";"0";""
"333";"Beginner with 2 look OLL & PLL";"49720";"1668427969960";"R2 F U2 B2 F' R2 F' U2 F2 R' F2 U F2 U' F' L R' D' U2 R";"0";""
"333";"Beginner with 2 look OLL & PLL";"44070";"1668431804554";"D2 U2 F L2 F' R2 B2 L2 U2 F D2 L' U' F R2 B2 D2 U2 L' D R'";"0";""
"333";"Beginner with 2 look OLL & PLL";"51520";"1668431897853";"B' U2 F2 U2 R2 U2 B' D2 R2 F2 U' B F' L' B' L2 F2 L2 D'";"0";""
"333";"Beginner with 2 look OLL & PLL";"45070";"1668785546605";"U2 L2 U2 L2 F' U2 R2 B2 L2 R2 B' U L R B R' U' R' U2 F2";"0";""
"333";"Beginner with 2 look OLL & PLL";"53010";"1668785718901";"U' F2 L2 F2 U R2 B2 U' L2 D' R2 F' U2 R' B R2 F L R' F R2";"0";""
"333";"Beginner with 2 look OLL & PLL";"48130";"1669026787834";"D2 R2 F2 D' B2 U L2 D' B2 U' F' R' F D' F R D2 U2 L2 U";"0";""
"333";"Beginner with 2 look OLL & PLL";"32630";"1669026962022";"B D R' L U2 L2 U' L F' B2 U D2 R2 F2 D' R2 U' B2 U'";"0";""
"333";"Beginner with 2 look OLL & PLL";"60530";"1669027067835";"U2 B2 R2 B2 U' F2 R2 U R2 B' D R' D B U B' R";"0";""
"333";"Beginner with 2 look OLL & PLL";"41460";"1669027139292";"F2 D' U2 B2 U' L2 D' B' U' L' R F' R2 B' F' D2 B' L' U";"0";""
"333";"Beginner with 2 look OLL & PLL";"45340";"1669027340837";"D2 B' U2 R2 B' F' D2 L2 B D2 F R D' B D2 F' D2 L U' R2 B'";"0";""
"333";"Beginner with 2 look OLL & PLL";"49540";"1669027540744";"U2 B2 L R F2 U2 F2 D2 L D F R2 B L U' L' B L F' U";"0";""
"333";"Beginner with 2 look OLL & PLL";"44950";"1669027611190";"U' F2 D' L2 F2 R2 U F' D' L' R2 F L' D' U2 B2 L' R' U2";"0";""
"333";"Beginner with 2 look OLL & PLL";"39870";"1669027683461";"R B L U2 D' F D B' U F2 U R' U2 L' F2 R2 L";"0";""
"333";"Beginner with 2 look OLL & PLL";"46680";"1669027757184";"F2 L B L U L2 U2 F' U' F' R' L2 F R2 F U2 R2 D2";"0";""
"333";"Beginner with 2 look OLL & PLL";"56700";"1669027852824";"D2 R2 U2 R2 F2 D2 B2 U R2 B2 F U B' R D' B2 F2 U' L";"0";""
"333";"Beginner with 2 look OLL & PLL";"49730";"1669027949741";"B2 U' R2 D L2 D L2 B2 L2 D2 U' F U L2 B' D B' D2 F2";"0";""
"333";"Beginner with 2 look OLL & PLL";"43900";"1669028021268";"L2 U2 B L2 B F L2 R2 U2 F L' B' F' R' U' L D2 L2";"0";""
"333";"Beginner with 2 look OLL & PLL";"47720";"1669028127324";"L2 R2 B' F2 L2 B F2 U2 L2 F' D L D2 F U B' D2 F' D2 U2";"0";""
"333";"Beginner with 2 look OLL & PLL";"36630";"1669028196614";"F2 L2 F2 L2 B' U2 F2 D' B' R B' F' R2 D' B2 R2 D2 B'";"0";""
"333";"Beginner with 2 look OLL & PLL";"44320";"1669028278997";"F' L2 B2 R2 F' L2 D2 B2 L' F2 U' L2 B2 L' B D B2 F";"0";""
"333";"Beginner with 2 look OLL & PLL";"52990";"1669028511257";"F2 L' D L' U2 F' L U2 R' U' R2 L2 B2 U' R2 B2 R2 U'";"0";""
"333";"Beginner with 2 look OLL & PLL";"51870";"1669028593904";"U2 B' R' F' U D F' L F B2 U' B' U2 B' U2 B' R2 U2 F'";"0";""
"333";"Beginner with 2 look OLL & PLL";"43760";"1669028670070";"R2 D' L2 D U2 B2 U' L2 D2 L2 B2 L' R' U' R' F D2 U B D U2";"0";""
"333";"Beginner with 2 look OLL & PLL";"43950";"1669028737137";"D2 L2 U2 L U2 B2 R F2 D2 U2 B' L' R' B' D' R2 U L' B D B2";"0";""
"333";"Beginner with 2 look OLL & PLL";"50380";"1669028815267";"F2 L2 F L' F' R2 U' F' U' B2 R2 U' D' L2 D B2 D' L2";"0";""
"333";"Beginner with 2 look OLL & PLL";"47170";"1669029003671";"U' L2 F' B' R2 L' D2 B' L2 D R B' R2 U2 L2 F2 L2 B L2";"0";""
"333";"Beginner with 2 look OLL & PLL";"45180";"1669029074288";"L D2 F2 R B2 D2 L2 U2 R' D B2 U F U' B' R' B' L2 R";"0";""
"333";"Beginner with 2 look OLL & PLL";"53990";"1669029165360";"D2 R2 B2 D R2 U' L2 D2 R U' B2 R' D2 L2 D2 B' U F L' U2";"0";""
"333";"Beginner with 2 look OLL & PLL";"38490";"1669029233550";"R2 D2 F' D2 B' U2 L2 B2 F L' U' L2 U2 R' D F' R F' U' B'";"0";""
"333";"Beginner with 2 look OLL & PLL";"50500";"1669029311029";"R2 F2 R' U2 R B U D' L' F' L B2 U' L2 D2 R2 U L2 D'";"0";""
"333";"Beginner with 2 look OLL & PLL";"44120";"1669029386883";"B2 F2 L' U2 R B2 U2 F2 D2 L' F U F L2 U F U L2 F'";"0";""
"333";"Beginner with 2 look OLL & PLL";"53330";"1669030727724";"U' L2 B2 D F2 R2 U F2 U2 R2 B U2 L D' B2 U2 L2 U' F";"0";""
"333";"Beginner with 2 look OLL & PLL";"51620";"1669030802493";"D2 L' F2 R U2 R F2 D2 F2 R2 D' L R B L' U2 L2 F R2 U'";"0";""
"333";"Beginner with 2 look OLL & PLL";"47750";"1669031304012";"L2 D2 F D F D2 F' D B R B2 R U2 D2 L F2 U2 R' F2 L2";"0";""
"333";"Beginner with 2 look OLL & PLL";"53710";"1669031387358";"U R2 U2 L2 B2 R2 U' L2 U2 R2 F' L2 R F' L R' D2 B' U' R";"0";""
"333";"Beginner with 2 look OLL & PLL";"47160";"1669044701857";"B2 L F2 R D2 L2 R' U2 F2 D2 R' D' L2 U' B R' B' D R F' R'";"0";""
"333";"Beginner with 2 look OLL & PLL";"47390";"1669044793926";"F2 U2 L F2 D2 R B2 U2 B L' U2 R2 D2 U L2 U' B D2";"0";""
"333";"Beginner with 2 look OLL & PLL";"41760";"1669044983527";"D2 F2 U' R2 D' R2 U' L2 B2 U2 F2 L F L2 U' R2 D2 B L' F2";"0";""
"333";"Beginner with 2 look OLL & PLL";"43660";"1669189297303";"U2 L2 B2 D R2 D' B2 L2 U2 L2 U' B D2 F R' U' B' L F' D2 R'";"0";""
"333";"Beginner with 2 look OLL & PLL";"56020";"1669189578422";"R2 L F' R' L' F2 U2 D' R B' U2 L2 D B2 L2 F2 U2 B2 D'";"0";""
"333";"Beginner with 2 look OLL & PLL";"55010";"1669189693437";"U' L' U2 B' R' L2 B2 L2 D2 R' U F2 D2 F R2 B R2 D2";"0";""
"333";"Beginner with 2 look OLL & PLL";"47790";"1669189776761";"U2 B2 R2 D2 U2 F U' B2 D2 B U B L2 R' B' F2 D";"0";""
"333";"Beginner with 2 look OLL & PLL";"45420";"1669189865966";"U2 L' D L2 D' R2 F2 L' B D' F R2 U2 B2 D' R2 F2 R2 L2";"0";""
"333";"Beginner with 2 look OLL & PLL";"51770";"1669190005500";"D U R2 D L2 U R2 D' R2 B2 U2 L' D B U' L R U' B2 L' U";"0";""
"333";"Beginner with 2 look OLL & PLL";"66350";"1669190108979";"B2 L2 D2 F' L2 B' D2 B' U2 L D2 F' D' B' U F R' F L2 D2";"0";""
"333";"Beginner with 2 look OLL & PLL";"54470";"1669190226115";"R F2 L U F2 D' B2 L2 F' R L' U2 F L2 U2 F' B2 U2 F B2";"0";""
"333";"Beginner with 2 look OLL & PLL";"47890";"1669190305085";"B2 R2 U2 B2 L' B2 R2 F2 R2 U2 L D' B L U2 F' D' F R B2 U'";"0";""
"333";"Beginner with 2 look OLL & PLL";"42300";"1669190412509";"L2 R2 U2 F2 U' R2 D' U2 B2 U' B2 R' F U L R' U L D2 U'";"0";""
"333";"Beginner with 2 look OLL & PLL";"43890";"1669190593546";"D2 F' U2 R2 D2 U2 B' D2 B' D2 L D F' D' B2 F L R F";"0";""
